year,eligible_condo_sales,unique_deed,no_deed_match,ambiguous_deed,mortgage_match_base,no_mortgage_match_base,financing_unmeasured,unique_deed_pct,mortgage_match_pct_of_linked
2016,11966,8970,1869,1127,4825,4145,2996,74.96239344810296,53.79041248606466
2017,13401,9702,2279,1420,5366,4336,3699,72.39758226997985,55.30818387961245
2018,11401,8446,2036,919,4724,3722,2955,74.0812209455311,55.93180203646697
2019,11513,8491,1919,1103,4889,3602,3022,73.75141144792843,57.57861264868684
2020,8980,6736,1648,596,4229,2507,2244,75.01113585746103,62.78206650831354
2021,17734,12760,3149,1825,8425,4335,4974,71.95218224878764,66.02664576802508
2022,15790,11705,2561,1524,7381,4324,4085,74.12919569347689,63.05852199914566
2023,11494,8390,2335,769,4083,4307,3104,72.99460588132939,48.66507747318236
2024,11475,8656,2105,714,3985,4671,2819,75.43355119825708,46.03743068391867
2025,12497,9530,2129,838,4428,5102,2967,76.2583019924782,46.46379853095488
