definition,quarter,raw,drop,difference,pointwise_low,pointwise_high,simultaneous_low,simultaneous_high,joint_low,joint_high
D0,2003Q1,0.0,0.0,0.0,0.0,0.0,0.0,0.0,0.0,0.0
D0,2003Q2,1.7922668020466253,1.834117285098011,-0.04185048305138557,-0.5741264121262605,0.5036656434654465,-1.8552139415317959,1.7715129754290249,-2.025743117762962,1.9420421516601907
D0,2003Q3,7.043490837538902,7.42908820200523,-0.385597364466328,-0.9671843320323237,0.17358540221030097,-2.1989608229467383,1.4277660940140824,-2.369489999177904,1.5982952702452482
D0,2003Q4,11.638433183004748,12.156382887108075,-0.5179497041033265,-1.0093000597717205,-0.009109803042815319,-2.331313162583737,1.2954137543770838,-2.5018423388149027,1.4659429306082497
D0,2004Q1,15.480993907412577,15.641102220350422,-0.16010831293784555,-0.7232056059537317,0.4103998130305307,-1.973471771418256,1.6532551455425648,-2.1440009476494217,1.8237843217737306
D0,2004Q2,20.153650176765403,20.68486856469116,-0.5312183879257582,-1.068870675252187,-0.008433293903151822,-2.3445818464061685,1.2821450705546522,-2.5151110226373343,1.452674246785818
D0,2004Q3,25.51023519470943,26.017944260857284,-0.5077090661478545,-1.0562911539712505,0.04813076437433304,-2.321072524628265,1.3056543923325559,-2.4916017008594307,1.4761835685637217
D0,2004Q4,29.681555721425102,30.256262953480295,-0.5747072320551938,-1.0817581816945432,-0.09077521974407257,-2.388070690535604,1.2386562264252166,-2.55859986676677,1.4091854026563824
D0,2005Q1,35.76123899746737,36.024182053129586,-0.26294305566221254,-0.7691329965205607,0.2597358046069552,-2.076306514142623,1.5504204028181978,-2.2468356903737887,1.7209495790493636
D0,2005Q2,40.734701430344764,40.973951073665994,-0.23924964332122656,-0.7861002425444907,0.26945386136375205,-2.052613101801637,1.5741138151591838,-2.2231422780328027,1.7446429913903496
D0,2005Q3,47.36492833494377,47.80729908916468,-0.442370754220911,-0.993270332247862,0.12215133645032117,-2.2557342127013214,1.3709927042594994,-2.426263388932487,1.5415218804906652
D0,2005Q4,51.36024137977466,51.99427933039835,-0.6340379506236893,-1.1642661719170888,-0.11493496313933181,-2.4474014091040996,1.179325507856721,-2.6179305853352655,1.349854684087887
D0,2006Q1,56.66730008367161,57.681610892894554,-1.0143108092229403,-1.583945590620766,-0.4343536648082763,-2.8276742677033506,0.7990526492574701,-2.9982034439345164,0.9695818254886359
D0,2006Q2,59.96226433732601,61.26821838620682,-1.3059540488808086,-1.8982849299123288,-0.6633302538647556,-3.119317507361219,0.5074094095996018,-3.2898466835923847,0.6779385858307676
D0,2006Q3,62.48313872361919,64.5819249773437,-2.098786253724516,-2.7290960446316497,-1.5670130858927385,-3.9121497122049265,-0.28542279524410574,-4.082678888436092,-0.11489361901293993
D0,2006Q4,64.26947721414939,66.09703414341452,-1.8275569292651395,-2.406274478989148,-1.2459682906700034,-3.64092038774555,-0.0141934707847291,-3.8114495639767156,0.1563357054464367
D0,2007Q1,61.410220879796675,63.12219071545311,-1.711969835656435,-2.2708482623945776,-1.1400890849717762,-3.5253332941368454,0.10139362282397535,-3.695862470368011,0.27192279905514116
D0,2007Q2,59.01607754278717,60.421708828924146,-1.4056312861369769,-2.0185594217780527,-0.7623755767334419,-3.218994744617387,0.4077321723434335,-3.389523920848553,0.5782613485745993
D0,2007Q3,57.133209966391306,57.78998017705479,-0.6567702106634821,-1.3932058397319624,0.06820898854656236,-2.4701336691438924,1.1565932478169283,-2.6406628453750582,1.327122424048094
D0,2007Q4,58.34630706906485,59.304202762097034,-0.9578956930321847,-1.787319092596255,-0.08080658077734523,-2.771259151512595,0.8554677654482257,-2.941788327743761,1.0259969416793915
D0,2008Q1,54.93309114735747,55.13934227700702,-0.2062511296495484,-1.127622399346967,0.8575190877255445,-2.0196145881299588,1.607112328830862,-2.1901437643611246,1.7776415050620278
D0,2008Q2,49.89245042358175,49.23444603319471,0.6580043903870403,-0.2758471831341824,1.6197721272464882,-1.15535906809337,2.471367848867451,-1.325888244324536,2.6418970250986167
D0,2008Q3,47.09517073716464,46.86365537973348,0.2315153574311668,-0.7494292516504816,1.24355184843942,-1.5818481010492436,2.044878815911577,-1.7523772772804094,2.215407992142743
D0,2008Q4,42.89533413988084,42.607194094785086,0.2881400450957472,-0.819070631516556,1.4179930011040918,-1.5252234133846632,2.101503503576158,-1.695752589615829,2.2720326798073236
D0,2009Q1,34.76284253038852,32.43715682685169,2.3256857035368284,0.8873071377314606,3.8841641959153472,0.512322245056418,4.139049162017239,0.3417930688252522,4.3095783382484045
D0,2009Q2,31.047799449220964,29.548208734596827,1.4995907146241383,0.3402685277354897,2.8648032109649018,-0.3137727438562721,3.312954173104549,-0.4843019200874379,3.4834833493357147
D0,2009Q3,28.306499949299614,27.630501133486025,0.6759988158135888,-0.5312714748338789,1.8237782057316199,-1.1373646426668216,2.489362274293999,-1.3078938188979874,2.6598914505251647
D0,2009Q4,25.85952518770623,24.286228494896317,1.5732966928099112,0.5717046834841508,2.6712607428700257,-0.24006676567049912,3.3866601512903216,-0.41059594190166493,3.5571893275214874
D0,2010Q1,23.678844882988585,20.80927898179066,2.8695659011979293,1.5276076433325638,4.265579955739217,1.056202442717519,4.68292935967834,0.8856732664863531,4.853458535909505
D0,2010Q2,23.65598915561067,23.003879963821706,0.6521091917889604,-0.3951931905951876,1.7238506199124513,-1.1612542666914498,2.465472650269371,-1.3317834429226156,2.6360018265005367
D0,2010Q3,19.662118422216462,16.05303073487743,3.60908768733903,2.4761894457149802,4.976007878042108,1.7957242288586195,5.422451145819441,1.6251950526274537,5.592980322050606
D0,2010Q4,17.215388023617862,18.87387848454378,-1.658490460925921,-2.5162386067917994,-0.7616043055047925,-3.4718539194063314,0.15487299755448936,-3.642383095637497,0.32540217378565517
D0,2011Q1,15.618460145739865,18.616797264844777,-2.99833711910491,-3.8495662803617607,-2.125836270110573,-4.81170057758532,-1.1849736606244998,-4.982229753816487,-1.014444484393334
D0,2011Q2,17.48003080511938,19.393403989531926,-1.913373184412548,-2.709129931657276,-1.1095376914688961,-3.7267366428929583,-0.10000972593213753,-3.897265819124124,0.07051945029902829
D0,2011Q3,19.850768291096664,23.13243379471211,-3.281665503615444,-4.32926203184255,-2.2986183383842245,-5.095028962095855,-1.4683020451350335,-5.26555813832702,-1.2977728689038677
D0,2011Q4,15.731522858173964,18.063870567129786,-2.3323477089558233,-3.413808489261438,-1.2281270056799238,-4.145711167436234,-0.518984250475413,-4.316240343667399,-0.34845507424424715
D0,2012Q1,14.505255153404818,17.036372136591478,-2.5311169831866627,-3.3968966628706436,-1.6353398425730064,-4.3444804416670735,-0.7177535247062523,-4.515009617898238,-0.5472243484750865
D0,2012Q2,18.710061783331753,21.088284774115372,-2.378222990783621,-3.1974160128041786,-1.576074001442371,-4.191586449264031,-0.5648595323032106,-4.362115625495197,-0.3943303560720448
D0,2012Q3,20.471897210625567,22.090994124157305,-1.6190969135317368,-2.337236956041448,-0.9175508798071593,-3.432460372012147,0.19426654494867357,-3.602989548243313,0.3647957211798394
D0,2012Q4,18.39587540586387,19.58326347392334,-1.1873880680594695,-2.07505533880646,-0.3177431650204325,-3.00075152653988,0.6259753904209409,-3.1712807027710457,0.7965045666521067
D0,2013Q1,15.91436612664453,17.483654368161815,-1.569288241517286,-2.4235126138823784,-0.6235448483044651,-3.3826516999976963,0.2440752169631244,-3.553180876228862,0.4146043931942902
D0,2013Q2,24.449291624274295,25.777553581076397,-1.3282619568021015,-2.3051254474181286,-0.41192906711849975,-3.141625415282512,0.4851015016783089,-3.3121545915136776,0.6556306779094747
D0,2013Q3,28.108419160925514,29.386540844418192,-1.2781216834926779,-2.3295063721562252,-0.33526029451090206,-3.091485141973088,0.5352417749877325,-3.262014318204254,0.7057709512188983
D0,2013Q4,27.58430411416809,28.572269310486302,-0.9879651963182134,-1.7950605600547322,-0.2299164390847215,-2.801328654798624,0.8253982621621969,-2.97185783102979,0.9959274383933627
D0,2014Q1,30.52372528461797,31.85554939020112,-1.3318241055831515,-2.2654124344746807,-0.44346727406434344,-3.145187564063562,0.4815393528972589,-3.315716740294728,0.6520685291284247
D0,2014Q2,29.87004818233356,30.951939875857743,-1.081891693524184,-2.0717241150539505,-0.11056027906954263,-2.8952551520045944,0.7314717649562263,-3.06578432823576,0.9020009411873922
D0,2014Q3,37.19382825516043,38.00124218991749,-0.8074139347570619,-1.493563296652103,-0.1549287418310729,-2.6207773932374723,1.0059495237233484,-2.791306569468638,1.1764786999545143
D0,2014Q4,36.583218123009416,37.33236426782302,-0.7491461448136005,-1.43889828941144,-0.08258180529270792,-2.5625096032940107,1.0642173136668098,-2.7330387795251765,1.2347464898979756
D0,2015Q1,39.52521552240956,40.392273179508656,-0.8670576570990962,-1.7225544108620405,-0.0008075701194390527,-2.680421115579507,0.9463058013813141,-2.8509502918106726,1.11683497761248
D0,2015Q2,41.012804570970836,41.25929363489328,-0.24648906392244485,-0.9712785674402569,0.47829822973666264,-2.0598525224028554,1.5668743945579655,-2.2303816986340212,1.7374035707891313
D0,2015Q3,47.53345296967884,48.72594969327925,-1.1924967236004058,-1.909247951786123,-0.45640645836422,-3.0058601820808164,0.6208667348800045,-3.176389358311982,0.7913959111111704
D0,2015Q4,48.458171337135255,50.17441318900797,-1.7162418518727185,-2.498025811830185,-0.9745250484010791,-3.529605310353129,0.09712160660769187,-3.700134486584295,0.2676507828388577
D0,2016Q1,48.46782633100275,49.63679997833708,-1.1689736473343315,-1.9974682903855225,-0.2996788234232831,-2.982337105814742,0.6443898111460789,-3.152866282045908,0.8149189873772447
D0,2016Q2,50.70067856736256,51.462227620169486,-0.7615490528069313,-1.7586891779633074,0.15117814346961173,-2.5749125112873417,1.051814405673479,-2.7454416875185075,1.2223435819046449
D0,2016Q3,54.73423082441607,55.906718240983146,-1.1724874165670696,-1.8473260913886103,-0.5565854783045415,-2.98585087504748,0.6408760419133408,-3.1563800512786457,0.8114052181445066
D0,2016Q4,55.98727737155497,57.43889250997684,-1.451615138421869,-2.284847506640782,-0.66938947054202,-3.2649785969022793,0.3617483200585414,-3.435507773133445,0.5322774962897072
D0,2017Q1,60.72953159104806,62.06025735206519,-1.3307257610171375,-2.0138034763473565,-0.6744132147131032,-3.144089219497548,0.4826376974632729,-3.3146183957287136,0.6531668736944387
D0,2017Q2,59.55440722579872,60.83462737992538,-1.2802201541266545,-2.0968834246686283,-0.4793286109145473,-3.093583612607065,0.5331433043537559,-3.2641127888382306,0.7036724805849217
D0,2017Q3,65.15425592749746,65.8025869630801,-0.6483310355826388,-1.5017069244150043,0.1776686167403023,-2.461694494063049,1.1650324228977715,-2.632223670294215,1.3355615991289373
D0,2017Q4,68.11604542201547,69.19994008547161,-1.083894663456142,-1.8565718955279253,-0.3468358778367967,-2.8972581219365523,0.7294687950242684,-3.067787298167718,0.8999979712554342
D0,2018Q1,67.21072544515575,67.980702926935,-0.7699774817792493,-1.4933020957700742,-0.0910628531437438,-2.5833409402596597,1.043385976701161,-2.7538701164908255,1.2139151529323269
D0,2018Q2,68.20751160301613,68.95952139894959,-0.7520097959334615,-1.6093343299258283,0.15592743489109295,-2.565373254413872,1.0613536625469489,-2.7359024306450377,1.2318828387781147
D0,2018Q3,72.65069335488157,73.55579030586415,-0.9050969509825757,-1.6159064310921016,-0.1612930556996964,-2.718460409462986,0.9082665074978347,-2.888989585694152,1.0787956837290005
D0,2018Q4,73.97208488243857,74.51386540776804,-0.5417805253294605,-1.223009412860998,0.1912585355136575,-2.355143983809871,1.2715829331509498,-2.5256731600410367,1.4421121093821156
D0,2019Q1,75.03694482918229,75.88714291757111,-0.8501980883888094,-1.8067496518753416,0.23950231518420526,-2.6635615468692198,0.963165370091601,-2.8340907231003856,1.1336945463227668
D0,2019Q2,74.79270396754418,75.50586938441084,-0.7131654168666568,-1.626226313487416,0.1716754260689411,-2.526528875347067,1.1001980416137536,-2.697058051578233,1.2707272178449194
D0,2019Q3,76.97042070331504,77.67523748990152,-0.7048167865864707,-1.7357330212595594,0.33519344379737415,-2.518180245066881,1.1085466718939396,-2.688709421298047,1.2790758481251054
D0,2019Q4,77.63385136526746,78.4420736329729,-0.8082222677054496,-1.6841166333946238,0.02977309394033899,-2.62158572618586,1.0051411907749608,-2.7921149024170258,1.1756703670061266
D0,2020Q1,80.85945429579459,81.47258783292959,-0.6131335371350022,-1.5388481931168878,0.28588321671408534,-2.4264969956154125,1.2002299213454082,-2.5970261718465784,1.370759097576574
D0,2020Q2,83.38582546095478,84.95085812942892,-1.5650326684741533,-2.6436585556508434,-0.5604385264951376,-3.3783961269545637,0.24833079000625702,-3.5489253031857295,0.41885996623742283
D0,2020Q3,81.96167393119103,83.94993120893459,-1.9882572777435659,-2.7335439931764833,-1.254160507114059,-3.8016207362239762,-0.1748938192631555,-3.972149912455142,-0.00436464303198969
D0,2020Q4,85.5620876497743,87.4838182917837,-1.9217306420094005,-2.587965156461412,-1.2995764900620521,-3.735094100489811,-0.10836718352899011,-3.9056232767209766,0.062161992702175706
D0,2021Q1,86.16749564767223,87.73226844836466,-1.5647728006924377,-2.0780568766945318,-1.0385673850916073,-3.378136259172848,0.24859065778797262,-3.548665435404014,0.41911983401913844
D0,2021Q2,89.41907878371288,90.79567820475525,-1.3765994210423682,-1.8513433911441106,-0.873931400044914,-3.1899628795227786,0.43676403743804215,-3.3604920557539444,0.607293213669208
D0,2021Q3,89.5633157495149,91.03844223507309,-1.475126485558187,-2.041613801909958,-0.9227270822096906,-3.2884899440385973,0.33823697292222343,-3.459019120269763,0.5087661491533892
D0,2021Q4,91.35388630557901,92.46164057575919,-1.1077542701801724,-1.6282057485646328,-0.6313159426942562,-2.9211177286605827,0.705609188300238,-3.0916469048917485,0.8761383645314038
D0,2022Q1,92.76117073796227,93.68002771029921,-0.9188569723369455,-1.4247216936106248,-0.3534706732085097,-2.732220430817356,0.8945064861434648,-2.9027496070485217,1.0650356623746307
D0,2022Q2,95.37880082661138,96.28818559829358,-0.9093847716821868,-1.6541340884773674,-0.1565903369731076,-2.722748230162597,0.9039786867982236,-2.893277406393763,1.0745078630293894
D0,2022Q3,97.48908235724312,98.1046340586573,-0.6155517014141854,-1.164669717279111,-0.064710471332604,-2.4289151598945957,1.197811757066225,-2.5994443361257615,1.3683409332973908
D0,2022Q4,96.11911876347231,96.82153691849345,-0.7024181550211339,-1.536083636519776,0.17460519334514615,-2.5157816135015443,1.1109453034592764,-2.68631078973271,1.2814744796904423
D0,2023Q1,95.84815363804186,96.21156133486843,-0.3634076968265676,-1.3085087602795302,0.6634043106255648,-2.176771155306978,1.4499557616538428,-2.3473003315381438,1.6204849378850086
D0,2023Q2,98.96835265954257,99.03735510606559,-0.06900244652302545,-1.1386552994432864,1.0061762553942948,-1.8823659050034358,1.744361011957385,-2.0528950812346016,1.9148901881885507
D0,2023Q3,98.12276877121388,98.79467917322049,-0.6719104020066036,-1.3859768797552412,0.09751952285289711,-2.485273860487014,1.1414530564738068,-2.6558030367181797,1.3119822327049726
D0,2023Q4,99.16009691922294,99.23577797187373,-0.07568105265078895,-1.0092468380761392,1.0277804025133275,-1.8890445111311993,1.7376824058296214,-2.059573687362365,1.9082115820607872
D0,2024Q1,98.98453577573363,99.19136339232824,-0.20682761659459592,-1.1663487891913042,0.8160937032417637,-2.0201910750750063,1.6065358418858144,-2.190720251306172,1.7770650181169803
D0,2024Q2,102.68374441621475,103.40428051731463,-0.7205361010998779,-1.5911851473624161,0.286845098712267,-2.5338995595802882,1.0928273573805325,-2.704428735811454,1.2633565336116983
D0,2024Q3,101.43804064048582,102.0714252052639,-0.6333845647780834,-1.5043644937136014,0.385489034259702,-2.4467480232584937,1.179978893702327,-2.6172771994896595,1.3505080699334928
D0,2024Q4,105.37746893965472,106.55248498397556,-1.1750160443208424,-2.1096001145997145,-0.19575411615695465,-2.9883795028012528,0.638347414159568,-3.1589086790324186,0.8088765903907338
D0,2025Q1,106.42305721295793,108.05497952947172,-1.6319223165137897,-2.4431706475614288,-0.807914281318789,-3.4452857749942,0.18144114196662064,-3.615814951225366,0.35197031819778646
D0,2025Q2,112.1499641844959,113.54000953812059,-1.3900453536246804,-2.342582642761246,-0.4183211036196793,-3.2034088121050908,0.42331810485572996,-3.3739379883362566,0.5938472810868958
D0,2025Q3,109.44803505546943,110.58076520515043,-1.132730149681005,-1.7731969582623952,-0.42808660910339763,-2.9460936081614153,0.6806333087994054,-3.116622784392581,0.8511624850305712
D0,2025Q4,112.9241875940294,114.83637098900891,-1.9121833949795164,-2.8357921293716593,-0.9222569923690863,-3.7255468534599268,-0.09881993649910603,-3.8960760296910926,0.07170923973205978
D4,2003Q1,0.0,0.0,0.0,0.0,0.0,0.0,0.0,0.0,0.0
D4,2003Q2,1.7922668020466253,1.8225197599040974,-0.030252957857472215,-0.20792327134417987,0.1465617847132149,-1.2158304858871214,1.155324570172177,-2.0141455925690486,1.953639676854104
D4,2003Q3,7.043490837538902,7.058704739044797,-0.015213901505894967,-0.1961794734782596,0.16210202907968704,-1.2007914295355442,1.1703636265237543,-1.9991065362174711,1.9686787332056812
D4,2003Q4,11.638433183004748,11.828513455042078,-0.19008027203732958,-0.3841085663978405,-0.006038834223565222,-1.3756578000669788,0.9954972559923196,-2.1739729067489058,1.7938123626742466
D4,2004Q1,15.480993907412577,15.530872430251907,-0.049878522839330586,-0.23491980622961872,0.13865762730637549,-1.2354560508689798,1.1356990051903186,-2.0337711575509068,1.9340141118722456
D4,2004Q2,20.153650176765403,20.246106080401248,-0.09245590363584633,-0.275399830068912,0.08150119091649195,-1.2780334316654955,1.093121624393803,-2.0763485383474225,1.8914367310757298
D4,2004Q3,25.51023519470943,25.75029974345202,-0.2400645487425912,-0.43601583262324106,-0.058312327033954836,-1.4256420767722404,0.945512979287058,-2.2239571834541674,1.743828085968985
D4,2004Q4,29.681555721425102,29.859072142204003,-0.1775164207789004,-0.3597514486094566,-0.0008204785691812374,-1.3630939488085496,1.0080611072507488,-2.1614090554904766,1.8063762139326758
D4,2005Q1,35.76123899746737,35.744480650996366,0.01675834647100194,-0.205928214629566,0.22310710411305723,-1.1688191815586473,1.2023358745006512,-1.9671342882405742,2.000650981182578
D4,2005Q2,40.734701430344764,40.72937760509365,0.005323825251113412,-0.22308017020171375,0.2305727594793126,-1.1802537027785358,1.1909013532807626,-1.9785688094604628,1.9892164599626896
D4,2005Q3,47.36492833494377,47.52117229472241,-0.1562439597786458,-0.34054911586508196,0.01917609778974642,-1.341821487808295,1.0293335682510034,-2.140136594490222,1.8276486749329304
D4,2005Q4,51.36024137977466,51.50449870243623,-0.14425732266156732,-0.330593874584445,0.03639541282573292,-1.3298348506912165,1.041320205368082,-2.1281499573731435,1.8396353120500089
D4,2006Q1,56.66730008367161,57.159319001950294,-0.4920189182786805,-0.710888094841684,-0.29299109925208294,-1.6775964463083297,0.6935586097509687,-2.4759115529902567,1.4918737164328957
D4,2006Q2,59.96226433732601,60.59524771735746,-0.6329833800314488,-0.8605608726233138,-0.4250644673039262,-1.818560908061098,0.5525941479982004,-2.616876014743025,1.3509092546801273
D4,2006Q3,62.48313872361919,63.544751865590676,-1.0616131419714847,-1.3608606789645676,-0.7945339446738492,-2.247190670001134,0.12396438605816451,-3.045505776683061,0.9222794927400915
D4,2006Q4,64.26947721414939,65.02335564123514,-0.7538784270857635,-0.9640197727361688,-0.570277729361371,-1.9394559551154127,0.43169910094388575,-2.7377710617973396,1.2300142076258127
D4,2007Q1,61.410220879796675,62.113762323184396,-0.703541443387723,-0.945187363068738,-0.47955212493958954,-1.8891189714173722,0.48203608464192627,-2.687434078099299,1.2803511913238532
D4,2007Q2,59.01607754278717,59.48242346791211,-0.46634592512494466,-0.7500726539591956,-0.1642519693912632,-1.6519234531545939,0.7192316029047046,-2.450238559836521,1.5175467095866315
D4,2007Q3,57.133209966391306,57.24388919171206,-0.11067922532075336,-0.429291912891841,0.2003519991668328,-1.2962567533504026,1.0748983027088959,-2.0945718600323295,1.8732134093908228
D4,2007Q4,58.34630706906485,58.6298862752042,-0.2835792061393505,-0.6973077262440897,0.13535938646634213,-1.4691567341689997,0.9019983218902987,-2.2674718408509267,1.7003134285722257
D4,2008Q1,54.93309114735747,54.86288352322614,0.07020762413133541,-0.4198152219559914,0.561509703183076,-1.1153699038983138,1.2557851521609846,-1.9136850105802408,2.0541002588429116
D4,2008Q2,49.89245042358175,49.00533245350126,0.8871179700804865,0.3529912406030817,1.4373011025456517,-0.2984595579491627,2.0726954981101358,-1.0967746646310896,2.8710106047920627
D4,2008Q3,47.09517073716464,46.29154823857285,0.8036224985917939,0.2682619799374397,1.3409967322348166,-0.3819550294378553,1.9892000266214431,-1.1802701361197823,2.78751513330337
D4,2008Q4,42.89533413988084,41.939545445655554,0.9557886942252847,0.3612320240630984,1.6106254818652386,-0.22978883380436455,2.141366222254934,-1.0281039404862915,2.939681328936861
D4,2009Q1,34.76284253038852,32.9464208787538,1.8164216516347198,0.9491831026266202,2.6097335094044314,0.6308441236050706,3.0019991796643692,-0.16747098307685637,3.800314286346296
D4,2009Q2,31.047799449220964,29.94800143660098,1.0997980126199847,0.33846591599457077,1.9553330680486687,-0.08577951540966455,2.2853755406496337,-0.8840946220915915,3.0836906473315606
D4,2009Q3,28.306499949299614,27.045079413394507,1.2614205359051056,0.4434078553489004,2.0556291777080338,0.07584300787545639,2.446998063934755,-0.7224720988064706,3.245313170616682
D4,2009Q4,25.85952518770623,24.613411372805807,1.2461138149004207,0.5090795005229346,1.9697567001367804,0.060536286870771505,2.43169134293007,-0.7377788198111555,3.230006449611997
D4,2010Q1,23.678844882988585,21.681425125272455,1.997419757716132,1.0973838908778202,2.9039728779500633,0.8118422296864827,3.182997285745781,0.013527123004555719,3.981312392427708
D4,2010Q2,23.65598915561067,22.900238535408622,0.7557506202020448,0.08268421082520684,1.401392757544596,-0.42982690782760447,1.941328148231694,-1.2281420145095314,2.739643254913621
D4,2010Q3,19.662118422216462,17.042100344256383,2.6200180779600792,1.7180483188730888,3.5979580800730333,1.43444054993043,3.8055956059897285,0.6361254432485031,4.603910712671656
D4,2010Q4,17.215388023617862,18.084956856559035,-0.8695688329411755,-1.3637224487446618,-0.3950851151899465,-2.0551463609708245,0.31600869508847373,-2.8534614676527514,1.1143238017704007
D4,2011Q1,15.618460145739865,17.09876874432853,-1.4803085985886644,-1.9812091203352755,-1.0205452242349058,-2.6658861266183136,-0.29473107055901515,-3.4642012333002405,0.5035840361229118
D4,2011Q2,17.48003080511938,18.306533880750116,-0.8265030756307384,-1.2899401454211867,-0.3767095885270587,-2.0120806036603875,0.3590744523989108,-2.8103957103423145,1.1573895590808378
D4,2011Q3,19.850768291096664,21.311143375540844,-1.4603750844441792,-2.1213286948279255,-0.8420786171353438,-2.6459526124738284,-0.27479755641452996,-3.4442677191557554,0.523517550267397
D4,2011Q4,15.731522858173964,17.044900759442818,-1.3133779012688556,-1.8847943969099616,-0.7334097167181178,-2.498955429298505,-0.12780037323920634,-3.2972705359804317,0.6705147334427206
D4,2012Q1,14.505255153404818,15.919983839519618,-1.4147286861148023,-1.9501393789396029,-0.9189418778517823,-2.6003062141444513,-0.22915115808515307,-3.3986213208263782,0.5691639485967739
D4,2012Q2,18.710061783331753,19.541102216155952,-0.831040432824201,-1.2039439673157186,-0.47513709780254526,-2.0166179608538504,0.3545370952054482,-2.8149330675357773,1.152852201887375
D4,2012Q3,20.471897210625567,21.385294484042017,-0.9133972734164497,-1.3668528632225543,-0.4787007455403668,-2.098974801446099,0.2721802546131995,-2.897289908128026,1.0704953612951265
D4,2012Q4,18.39587540586387,18.819058324609074,-0.42318291874520186,-0.7754251243293344,-0.04215878118882734,-1.608760446774851,0.7623946092844474,-2.407075553456778,1.5607097159663743
D4,2013Q1,15.91436612664453,16.942455317998448,-1.0280891913539176,-1.4451779002382694,-0.6328672220814132,-2.213666719383567,0.1574883366757316,-3.011981826065494,0.9558034433576585
D4,2013Q2,24.449291624274295,24.969161019531803,-0.5198693952575106,-0.9872206715937336,-0.0722077412542499,-1.7054469232871599,0.6657081327721386,-2.503762029969087,1.4640232394540655
D4,2013Q3,28.108419160925514,28.451462901000323,-0.343043740074811,-0.6897654887546889,0.004489371155053459,-1.5286212681044602,0.8425337879548382,-2.326936374786387,1.6408488946367652
D4,2013Q4,27.58430411416809,27.897682975803317,-0.3133788616352273,-0.8482638207906379,0.14406917684437798,-1.4989563896648765,0.8721986663944219,-2.2972714963468035,1.6705137730763489
D4,2014Q1,30.52372528461797,30.923645361827756,-0.3999200772097866,-0.8670085120459187,0.00039532871403983027,-1.5854976052394358,0.7856574508198626,-2.3838127119213626,1.5839725575017896
D4,2014Q2,29.87004818233356,30.057244037939267,-0.18719585560570962,-0.6876696289585562,0.31216169652660514,-1.3727733836353588,0.9983816724239396,-2.1710884903172856,1.7966967791058666
D4,2014Q3,37.19382825516043,37.33744412200666,-0.14361586684622507,-0.5382342220782546,0.19763517967054495,-1.3291933948758743,1.0419616611834241,-2.1275085015578012,1.840276767865351
D4,2014Q4,36.583218123009416,36.72515717503584,-0.14193905202641854,-0.4094882472056327,0.12802155157646453,-1.3275165800560678,1.0436384760032307,-2.1258316867379947,1.8419535826851576
D4,2015Q1,39.52521552240956,39.70153344989795,-0.17631792748839525,-0.605767167107388,0.250746800482258,-1.3618954555180445,1.009259600541254,-2.160210562199971,1.807574707223181
D4,2015Q2,41.012804570970836,41.12635350312117,-0.1135489321503369,-0.3736597006072392,0.1594565051060774,-1.2991264601799861,1.0720285958793123,-2.097441566861913,1.8703437025612393
D4,2015Q3,47.53345296967884,47.69006635216309,-0.15661338248424972,-0.3853026071128768,0.06354139308642014,-1.342190910513899,1.0289641455453995,-2.140506017195826,1.8272792522273265
D4,2015Q4,48.458171337135255,49.02017440217495,-0.5620030650397012,-0.9350871970836538,-0.21167938485712223,-1.7475805930693504,0.623574462989948,-2.545895699751277,1.421889569671875
D4,2016Q1,48.46782633100275,48.790847154526986,-0.3230208235242338,-0.582635113493817,-0.07294113964780276,-1.508598351553883,0.8625567045054154,-2.30691345823581,1.6608718111873424
D4,2016Q2,50.70067856736256,50.824330600405446,-0.12365203304288697,-0.48259820703927203,0.29384088516208934,-1.3092295610725362,1.0619254949867623,-2.107544667754463,1.8602406016686892
D4,2016Q3,54.73423082441607,55.00490339703998,-0.270672572623909,-0.46649851137798737,-0.07675636166538215,-1.4562501006535582,0.9149049554057402,-2.254565207335485,1.7132200620876672
D4,2016Q4,55.98727737155497,56.158057833120225,-0.1707804615652564,-0.38732000606697625,0.047354496370930456,-1.3563579895949056,1.0147970664643928,-2.1546730962768326,1.8131121731463198
D4,2017Q1,60.72953159104806,60.92652915396906,-0.19699756292099746,-0.4262155825055325,0.054623385954243764,-1.3825750909506467,0.9885799651086518,-2.1808901976325736,1.7868950717905787
D4,2017Q2,59.55440722579872,59.98191607567198,-0.4275088498732593,-0.6463362187714378,-0.2191153539173968,-1.6130863779029085,0.7580686781563899,-2.4114014845848355,1.5563837848383169
D4,2017Q3,65.15425592749746,65.39642727133163,-0.24217134383416328,-0.48738574500413023,-0.0035836992607580533,-1.4277488718638125,0.9434061841954859,-2.2260639785457395,1.741721290877413
D4,2017Q4,68.11604542201547,68.54572622881236,-0.4296808067968838,-0.7395430556243715,-0.15601995084189035,-1.615258334826533,0.7558967212327654,-2.41357344150846,1.5542118279146924
D4,2018Q1,67.21072544515575,67.39015170682066,-0.1794262616649167,-0.4976032152374876,0.17833223479051746,-1.365003789694566,1.0061512663647325,-2.163318896376493,1.8044663730466595
D4,2018Q2,68.20751160301613,68.49748727164331,-0.2899756686271737,-0.4688012092028754,-0.11549153015419704,-1.475553196656823,0.8956018594024755,-2.27386830333875,1.6939169660844025
D4,2018Q3,72.65069335488157,72.94230605870968,-0.29161270382810356,-0.4577373414421859,-0.139217126174962,-1.4771902318577528,0.8939648242015457,-2.2755053385396797,1.6922799308834726
D4,2018Q4,73.97208488243857,74.10642038593953,-0.13433550350095969,-0.3242016022533484,0.04332094767994432,-1.319913031530609,1.0512420245286895,-2.118228138212536,1.8495571312106165
D4,2019Q1,75.03694482918229,75.30505401019376,-0.26810918101146664,-0.5094480917038591,-0.04803099627483996,-1.4536867090411159,0.9174683470181826,-2.252001815723043,1.7157834537001095
D4,2019Q2,74.79270396754418,74.99645845191772,-0.2037544843735417,-0.5071525284314143,0.16601866446081748,-1.389332012403191,0.9818230436561075,-2.187647119085118,1.7801381503380345
D4,2019Q3,76.97042070331504,77.36433531997277,-0.3939146166577201,-0.7198359463381132,-0.12779712275792346,-1.5794921446873693,0.7916629113719291,-2.3778072513692963,1.589978018053856
D4,2019Q4,77.63385136526746,77.9534692354539,-0.3196178701864394,-0.6312443800863032,-0.07554947452781295,-1.5051953982160886,0.8659596578432098,-2.3035105048980156,1.6642747645251368
D4,2020Q1,80.85945429579459,81.06201814917154,-0.20256385337694693,-0.5787563060198025,0.19036712472990708,-1.3881413814065962,0.9830136746527023,-2.186456488088523,1.7813287813346292
D4,2020Q2,83.38582546095478,83.60982006429074,-0.2239946033359641,-0.3609349257950062,-0.0870048202875229,-1.4095721313656133,0.9615829246936851,-2.2078872380475403,1.759898031375612
D4,2020Q3,81.96167393119103,82.2967191630713,-0.3350452318802821,-0.5160359783118124,-0.17272308041588916,-1.5206227599099313,0.8505322961493671,-2.3189378665918583,1.648847402831294
D4,2020Q4,85.5620876497743,85.87930550645355,-0.31721785667925273,-0.4812230448801974,-0.16609053849949154,-1.502795384708902,0.8683596713503965,-2.301110491390829,1.6666747780323234
D4,2021Q1,86.16749564767223,86.40369061684983,-0.23619496917760552,-0.373063480275001,-0.09988561848185759,-1.4217724972072547,0.9493825588520437,-2.2200876038891817,1.7476976655339707
D4,2021Q2,89.41907878371288,89.68272081638996,-0.26364203267708053,-0.4257370292512863,-0.12532841022230015,-1.4492195607067297,0.9219354953525687,-2.2475346673886567,1.7202506020344956
D4,2021Q3,89.5633157495149,89.83587465487706,-0.27255890536215244,-0.4261683361965596,-0.12445184996963178,-1.4581364333918017,0.9130186226674968,-2.2564515400737286,1.7113337293494237
D4,2021Q4,91.35388630557901,91.56555288683964,-0.21166658126062776,-0.3391446616895144,-0.08940477621781133,-1.397244109290277,0.9739109467690215,-2.195559215972204,1.7722260534509484
D4,2022Q1,92.76117073796227,92.99155660290094,-0.23038586493867586,-0.37119629932557296,-0.08937073463876569,-1.415963392968325,0.9551916630909734,-2.214278499650252,1.7535067697729003
D4,2022Q2,95.37880082661138,95.55802007952329,-0.17921925291189966,-0.36471919885471993,0.001401533012355119,-1.3647967809415489,1.0063582751177496,-2.163111887623476,1.8046733817996765
D4,2022Q3,97.48908235724312,97.70838620324021,-0.21930384599708752,-0.410617278852623,-0.048250234678795634,-1.4048813740267367,0.9662736820325617,-2.2031964807086637,1.7645887887144887
D4,2022Q4,96.11911876347231,96.28314657840619,-0.16402781493387586,-0.4062842503949793,0.0899941527201919,-1.349605342963525,1.0215497130957734,-2.147920449645452,1.8198648197777003
D4,2023Q1,95.84815363804186,96.11651592561417,-0.2683622875722991,-0.46502331132372177,-0.09742881185715536,-1.4539398156019483,0.9172152404573501,-2.2522549222838752,1.715530347139277
D4,2023Q2,98.96835265954257,99.00785043074683,-0.03949777120425546,-0.4226600935606367,0.45073600683697634,-1.2250752992339047,1.1460797568253938,-2.0233904059158316,1.9443948635073207
D4,2023Q3,98.12276877121388,98.28109720908542,-0.1583284378715355,-0.3431948534059154,0.03383897385960837,-1.3439059659011847,1.0272490901581137,-2.1422210725831117,1.8255641968400407
D4,2023Q4,99.16009691922294,98.76157547694349,0.39852144227945363,-0.15793930488042562,1.047636425837133,-0.7870560857501956,1.5840989703091028,-1.5853711924321225,2.38241407699103
D4,2024Q1,98.98453577573363,98.95809270598751,0.02644306974612931,-0.36969146658876795,0.5818635383589355,-1.15913445828352,1.2120205977757785,-1.9574495649654469,2.0103357044577055
D4,2024Q2,102.68374441621475,103.027522001332,-0.3437775851172553,-0.5478314497899117,-0.15860275698586623,-1.5293551131469045,0.8417999429123939,-2.3276702198288315,1.6401150495943209
D4,2024Q3,101.43804064048582,101.37874393473689,0.05929670574893464,-0.4230601651758198,0.6621901568641347,-1.1262808222807146,1.2448742337785839,-1.9245959289626415,2.043189340460511
D4,2024Q4,105.37746893965472,105.78726084048753,-0.40979190083281214,-0.679206722105713,-0.1849287748866236,-1.5953694288624614,0.7757856271968371,-2.3936845355443883,1.574100733878764
D4,2025Q1,106.42305721295793,106.48736983379314,-0.06431262083521627,-0.4095263931017501,0.3994767887477946,-1.2498901488648655,1.121264907194433,-2.0482052555467924,1.91958001387636
D4,2025Q2,112.1499641844959,112.24686363878153,-0.09689945428563718,-0.6028764763525263,0.5172610178123874,-1.2824769823152864,1.088678073744012,-2.0807920889972134,1.886993180425939
D4,2025Q3,109.44803505546943,109.7963500909748,-0.34831503550536436,-0.6005454460472814,-0.10709699056043911,-1.5338925635350136,0.8372624925242849,-2.3322076702169405,1.6355775992062118
D4,2025Q4,112.9241875940294,113.27711990336653,-0.3529323093371284,-0.657789978669614,-0.06387962915547364,-1.5385098373667776,0.8326452186925208,-2.3368249440487046,1.6309603253744478
