quarter,raw_index,screened_index,raw_minus_screened_log_points,raw_log_index,screened_log_index
2003Q1,100.0,100.0,0.0,0.0,0.0
2003Q2,102.14996441518886,102.09982536816781,0.0490958135930971,2.127178691707335,2.078082878114238
2003Q3,107.38505399167208,107.7384703432134,-0.32857091811548944,7.125082431401686,7.453653349517175
2003Q4,112.62388996859794,113.16661743168875,-0.48073633792271586,11.888367389714904,12.36910372763762
2004Q1,117.03894698242141,117.128681454179,-0.07664123068513717,15.733657360898201,15.810298591583338
2004Q2,122.654298538147,123.2764192737978,-0.5059327831920868,20.419963129466147,20.925895912658234
2004Q3,129.71990408699477,130.2978316778067,-0.44453009391804965,26.02073560658833,26.46526570050638
2004Q4,134.994473275479,135.737984299079,-0.5492602545620562,30.00636529121712,30.555625545779176
2005Q1,143.3884966199465,143.64471554369425,-0.17852916035014932,36.038752013090125,36.21728117344028
2005Q2,150.7987649498607,151.07145153277594,-0.18066483024579139,41.0776079564565,41.258272786702285
2005Q3,161.03254729633156,161.67304665732743,-0.39695636769155884,47.643631568544635,48.04058793623619
2005Q4,167.60285393923695,168.5932166133623,-0.5891594968337577,51.6427030191982,52.23186251603196
2006Q1,176.90436680570545,178.6191785162079,-0.9646759160710783,57.04391000380704,58.00858591987812
2006Q2,182.78298385898103,185.07282019816617,-1.2449801745364253,60.31293825885704,61.55791843339347
2006Q3,187.7157115792294,191.56554539170486,-2.030137775202423,62.975845990427004,65.00598376562942
2006Q4,191.1412744739656,194.59351679417728,-1.7900042080983836,64.78426255789194,66.57426676599032
2007Q1,185.61376645621442,188.73356930394127,-1.6668343976601996,61.84978043300213,63.516614830662334
2007Q2,181.3660646047453,183.79237052262835,-1.328925415583826,59.53472592459672,60.863651340180546
2007Q3,177.85465896425154,178.95944313208327,-0.6192511404603751,57.57965080950398,58.19890194996435
2007Q4,180.1276515134437,181.77062660367193,-0.9079824233698797,58.84955886309881,59.75754128646869
2008Q1,174.17555544805506,174.59763190911792,-0.24203504306519186,55.489354394585725,55.73138943765091
2008Q2,165.41127191481527,164.34651713308563,0.645782157341096,50.32647437039511,49.680692213054016
2008Q3,161.1375073723055,160.83187355800223,0.18985277744271167,47.70878975327745,47.518936975834734
2008Q4,153.88334669895858,153.1825273376997,0.45646269244509763,43.102464041800616,42.646001349355515
2009Q1,142.48463226578951,139.09387378526463,2.4085093987330666,35.40639641562131,32.99788701688824
2009Q2,137.4065536666431,135.35961827440258,1.5009000593007527,31.777389038203975,30.27648897890322
2009Q3,133.37908388819798,132.32996866845372,0.7896762729357687,28.802514275791797,28.01283800285603
2009Q4,130.53961993441257,128.6246710278378,1.4778145171022883,26.650659572717128,25.17284505561484
2010Q1,127.71351789337433,124.05621440142428,2.905480925597692,24.461942809147825,21.55646188355013
2010Q2,127.26673899209622,126.37086292276565,0.7064250633082636,24.111500493357862,23.4050754300496
2010Q3,122.36071310678518,117.93373178184696,3.6850475563107525,20.180316121801127,16.495268565490377
2010Q4,119.94278985102702,121.94833470960928,-1.658259119233474,18.184469187050663,19.842728306284137
2011Q1,117.9389561336622,121.53358787863596,-3.002349831484452,16.499698371978184,19.502048203462635
2011Q2,120.05049921977937,122.33273434043241,-1.883218188397423,18.274229510267258,20.157447698664683
2011Q3,123.14557184844041,127.21296085416421,-3.249537268447261,20.819698055024716,24.069235323471975
2011Q4,118.14887209584724,120.9063895907486,-2.3071149224395517,16.677527122471126,18.984642044910675
2012Q1,116.57983301451283,119.49857273668951,-2.4728127426053432,15.34061142600657,17.813424168611913
2012Q2,120.70066987686975,123.7447470413204,-2.490727437617907,18.814349203263465,21.30507664088137
2012Q3,123.7208588986374,125.76962447035245,-1.6423966139430006,21.28577040827061,22.928167022213614
2012Q4,120.87366676339677,122.30363276451818,-1.1760822134598559,18.95757378457103,20.133655998030886
2013Q1,117.4216421678317,119.24614015268733,-1.541852559558421,16.060104996858048,17.60195755641647
2013Q2,128.8257979522433,130.53768347341992,-1.3200859053152936,25.32909022861385,26.649176133929142
2013Q3,133.45411443143666,135.13708492700678,-1.2532000494090256,28.858752064559223,30.11195211396825
2013Q4,133.44807505981402,134.733642096234,-0.958735664163568,28.85422653283901,29.81296219700258
2014Q1,136.004530949845,137.7585994517553,-1.2814673057628956,30.751801500068527,32.03326880583142
2014Q2,135.8801845505021,137.38058770476334,-1.098158524768228,30.660331549075593,31.75849007384382
2014Q3,146.06335659935246,147.17757357992278,-0.7599364400356357,37.88702909021067,38.646965530246305
2014Q4,145.23241659313436,146.26215594594342,-0.7065267990281843,37.31651462586185,38.02304142489003
2015Q1,149.7243734351343,151.05677214353793,-0.88596472441686,40.36259073824935,41.24855546266621
2015Q2,151.16568658513765,151.46480186775165,-0.19767696344507035,41.3206311427946,41.51830810623968
2015Q3,162.1211672214145,164.01428408410453,-1.1609520633678594,48.31738154834197,49.47833361170983
2015Q4,163.64140731002027,166.42386680670057,-1.6860455369684058,49.25073070729161,50.93677624426002
2016Q1,163.55977205310953,165.4538655341744,-1.1513896018869874,49.20083158482296,50.35222118670995
2016Q2,167.23977090478252,168.48292368241124,-0.7405864897327641,51.42583506403447,52.166421553767236
2016Q3,174.29040374567867,176.2968359533161,-1.1446247248675934,55.555270905941846,56.699895630809436
2016Q4,176.62753387119253,179.1776828880619,-1.4334768377967544,56.88730009643266,58.320776934229414
2017Q1,185.12610158662386,187.51830362010242,-1.28392368812833,61.586703708384924,62.87062739651326
2017Q2,183.16514250703983,185.52787022121197,-1.2816950563854568,60.52179779901961,61.80349285540506
2017Q3,193.2901168755872,194.50277088623335,-0.6254152675833402,65.9022070494814,66.52762231706474
2017Q4,198.90059620602202,201.00786805544084,-1.0538868475495233,68.76349973837931,69.81738658592883
2018Q1,197.2407064013839,198.71565587830617,-0.745009521022455,67.92546567920834,68.6704752002308
2018Q2,199.74117393520575,201.20018598497563,-0.7277964489505795,69.18522121261661,69.9130176615672
2018Q3,208.2740437465211,210.11185275550508,-0.8785290540205715,73.36845445600781,74.24698351002839
2018Q4,210.83506401326542,211.96592437054602,-0.5349386993259153,74.59059546703537,75.12553416636129
2019Q1,213.77982339520983,215.55986745093304,-0.8292055419271027,75.97764367520712,76.80684921713421
2019Q2,212.76040572682118,214.22296074813283,-0.6850668462299647,75.49964908536619,76.18471593159614
2019Q3,217.65173103969445,219.14508952473474,-0.6837798414671026,77.77260352967336,78.45638337114046
2019Q4,219.5979694150485,221.37324544804696,-0.8051707522302443,78.66282768606735,79.46799843829758
2020Q1,227.13261310181912,228.54893463131143,-0.6216297751659106,82.03638596021173,82.65801573537765
2020Q2,232.90031252541166,236.5466148010722,-1.5534772486648474,84.54403327880003,86.09751052746488
2020Q3,228.65135795137707,233.22450971653348,-1.9803161571768202,82.70282030940818,84.683136466585
2020Q4,236.65481547371368,241.14323958615586,-1.878850741062632,86.14324186621606,88.0220926072787
2021Q1,238.7490341695974,242.4435099839087,-1.5355800731138847,87.02427480016229,88.55985487327617
2021Q2,246.4087681420226,249.73986563324013,-1.3428022642058446,90.18216300301174,91.52496526721758
2021Q3,247.84211718721028,251.4755977116499,-1.4554038652318524,90.76217332005092,92.21757718528278
2021Q4,252.86757219277303,255.62246754120576,-1.0835698196634214,92.76957356339983,93.85314338306326
2022Q1,257.28452709057564,259.62538109562513,-0.9057168261206283,94.50123958154254,95.40695640766316
2022Q2,263.1218934578935,265.50831388294193,-0.9028756220609502,96.74472120430626,97.6475968263672
2022Q3,268.6680304768429,270.41965020523077,-0.6498482363570091,98.830634405408,99.48048264176501
2022Q4,265.3491357345542,267.258265549884,-0.7169025392252393,97.58762662032676,98.304529159552
2023Q1,264.30626813378086,265.4158055674017,-0.41891365729260777,97.19383513219425,97.61274878948686
2023Q2,272.6727495994927,272.82255106290074,-0.0549231008926343,100.31021707422974,100.36514017512236
2023Q3,270.16861679658547,272.10561810304233,-0.7144022046500664,99.38760847411727,100.10201067876734
2023Q4,272.6842184641978,272.8694551712819,-0.06790778731931013,100.31442307704197,100.38233086436128
2024Q1,271.62628819374464,272.16687669920043,-0.19882143374894135,99.92569951221057,100.12452094595952
2024Q2,281.8100938632868,284.1949791729692,-0.842713091149494,103.60632320801571,104.4490362991652
2024Q3,279.82268170996696,281.61416092272447,-0.6381787431388952,102.89859369676692,103.53677243990582
2024Q4,290.9775516370967,294.41810034791894,-1.1754745069497918,106.8075936067232,107.983068113673
2025Q1,294.5704685353812,299.4465100500324,-1.641754768731718,108.03480704339454,109.67656181212627
2025Q2,310.51931605571707,314.8206655148839,-1.3757051920258556,113.30759229697279,114.68329748899863
2025Q3,302.10088406430884,305.5068362629381,-1.121114086944175,110.55908287965089,111.68019696659506
2025Q4,313.20439410639483,319.21709086387267,-1.9015413216770582,114.16858077440455,116.0701220960816
