borough,year,property,band,n,eligible,unique,none,ambiguous,measured,mortgage,median
1,2016,all,100k500k,1925,241,209,19,13,209,77,383000.0
1,2016,all,1m2m,3266,1791,1463,176,152,1463,724,1405000.0
1,2016,all,2m6m,2822,2004,1572,229,203,1572,763,2995000.0
1,2016,all,500k1m,4627,1668,1330,173,165,1331,654,725000.0
1,2016,all,6mplus,861,742,600,62,80,601,261,8960600.0
1,2016,all,all,13743,6531,5234,671,626,5236,2484,1030000.0
1,2016,all,under100k,242,85,60,12,13,60,5,29500.0
1,2016,condo,100k500k,237,237,205,19,13,205,75,405600.0
1,2016,condo,1m2m,1765,1765,1437,176,152,1437,712,1450000.0
1,2016,condo,2m6m,1929,1929,1497,229,203,1497,723,3050000.0
1,2016,condo,500k1m,1654,1654,1317,172,165,1317,646,780000.0
1,2016,condo,6mplus,647,647,506,61,80,506,207,8966000.0
1,2016,condo,all,6314,6314,5019,669,626,5019,2368,1621781.5
1,2016,condo,under100k,82,82,57,12,13,57,5,10.0
1,2016,coop,100k500k,1684,0,0,0,0,0,0,380000.0
1,2016,coop,1m2m,1475,0,0,0,0,0,0,1380000.0
1,2016,coop,2m6m,818,0,0,0,0,0,0,2800000.0
1,2016,coop,500k1m,2959,0,0,0,0,0,0,700000.0
1,2016,coop,6mplus,119,0,0,0,0,0,0,9275000.0
1,2016,coop,all,7212,0,0,0,0,0,0,747650.0
1,2016,coop,under100k,157,0,0,0,0,0,0,59755.0
1,2016,house,100k500k,4,4,4,0,0,4,2,388621.0
1,2016,house,1m2m,26,26,26,0,0,26,12,1603750.0
1,2016,house,2m6m,75,75,75,0,0,75,40,2800000.0
1,2016,house,500k1m,14,14,13,1,0,14,8,673431.0
1,2016,house,6mplus,95,95,94,1,0,95,54,8500000.0
1,2016,house,all,217,217,215,2,0,217,116,4455000.0
1,2016,house,under100k,3,3,3,0,0,3,0,10.0
1,2017,all,100k500k,1677,215,160,14,41,160,59,399000.0
1,2017,all,1m2m,3488,1964,1585,224,155,1585,806,1400000.0
1,2017,all,2m6m,2929,2027,1590,310,127,1590,815,2975276.0
1,2017,all,500k1m,4505,1447,1194,166,87,1194,588,735000.0
1,2017,all,6mplus,846,709,572,99,38,576,246,8600000.0
1,2017,all,all,13699,6458,5166,824,468,5170,2524,1100000.0
1,2017,all,under100k,254,96,65,11,20,65,10,20230.0
1,2017,condo,100k500k,211,211,156,14,41,156,58,401591.0
1,2017,condo,1m2m,1940,1940,1561,224,155,1561,791,1425000.0
1,2017,condo,2m6m,1949,1949,1512,310,127,1512,771,3050000.0
1,2017,condo,500k1m,1437,1437,1184,166,87,1184,582,788000.0
1,2017,condo,6mplus,621,621,488,95,38,488,201,8500000.0
1,2017,condo,all,6242,6242,4954,820,468,4954,2410,1660000.0
1,2017,condo,under100k,84,84,53,11,20,53,7,10.0
1,2017,coop,100k500k,1462,0,0,0,0,0,0,395000.0
1,2017,coop,1m2m,1524,0,0,0,0,0,0,1395000.0
1,2017,coop,2m6m,902,0,0,0,0,0,0,2800000.0
1,2017,coop,500k1m,3058,0,0,0,0,0,0,710000.0
1,2017,coop,6mplus,137,0,0,0,0,0,0,8577563.0
1,2017,coop,all,7241,0,0,0,0,0,0,775000.0
1,2017,coop,under100k,158,0,0,0,0,0,0,50750.0
1,2017,house,100k500k,4,4,4,0,0,4,1,287500.0
1,2017,house,1m2m,24,24,24,0,0,24,15,1600000.0
1,2017,house,2m6m,78,78,78,0,0,78,44,3500000.0
1,2017,house,500k1m,10,10,10,0,0,10,6,833212.5
1,2017,house,6mplus,88,88,84,4,0,88,45,9750000.0
1,2017,house,all,216,216,212,4,0,216,114,4350000.0
1,2017,house,under100k,12,12,12,0,0,12,3,10.0
1,2018,all,100k500k,1469,216,156,9,51,156,68,395000.0
1,2018,all,1m2m,2987,1543,1282,166,95,1284,560,1410000.0
1,2018,all,2m6m,2463,1614,1296,217,101,1300,607,2900000.0
1,2018,all,500k1m,4152,1326,1105,149,72,1105,568,730000.0
1,2018,all,6mplus,686,542,452,66,24,454,172,8932093.5
1,2018,all,all,11985,5356,4369,633,354,4377,1980,1054907.0
1,2018,all,under100k,228,115,78,26,11,78,5,250.0
1,2018,condo,100k500k,215,215,155,9,51,155,67,400000.0
1,2018,condo,1m2m,1521,1521,1262,164,95,1262,547,1430000.0
1,2018,condo,2m6m,1532,1532,1218,213,101,1218,557,2959364.5
1,2018,condo,500k1m,1316,1316,1095,149,72,1095,564,790564.5
1,2018,condo,6mplus,457,457,369,64,24,369,135,8824117.0
1,2018,condo,all,5151,5151,4172,625,354,4172,1874,1550000.0
1,2018,condo,under100k,110,110,73,26,11,73,4,10.0
1,2018,coop,100k500k,1253,0,0,0,0,0,0,395000.0
1,2018,coop,1m2m,1444,0,0,0,0,0,0,1400000.0
1,2018,coop,2m6m,849,0,0,0,0,0,0,2780000.0
1,2018,coop,500k1m,2826,0,0,0,0,0,0,710000.0
1,2018,coop,6mplus,144,0,0,0,0,0,0,8525000.0
1,2018,coop,all,6629,0,0,0,0,0,0,799000.0
1,2018,coop,under100k,113,0,0,0,0,0,0,29000.0
1,2018,house,100k500k,1,1,1,0,0,1,1,403104.0
1,2018,house,1m2m,22,22,20,2,0,22,13,1679296.0
1,2018,house,2m6m,82,82,78,4,0,82,50,3475500.0
1,2018,house,500k1m,10,10,10,0,0,10,4,750250.0
1,2018,house,6mplus,85,85,83,2,0,85,37,9750000.0
1,2018,house,all,205,205,197,8,0,205,106,4995000.0
1,2018,house,under100k,5,5,5,0,0,5,1,10.0
1,2019,all,100k500k,1486,192,139,15,38,140,41,395500.0
1,2019,all,1m2m,3214,1726,1329,162,235,1329,663,1425000.0
1,2019,all,2m6m,2783,1900,1438,259,203,1438,665,2940000.0
1,2019,all,500k1m,4042,1352,1125,152,75,1125,599,740000.0
1,2019,all,6mplus,711,570,455,87,28,462,200,9870000.0
1,2019,all,all,12428,5859,4576,694,589,4584,2175,1142102.5
1,2019,all,under100k,192,119,90,19,10,90,7,10.0
1,2019,condo,100k500k,189,189,137,14,38,137,40,365000.0
1,2019,condo,1m2m,1699,1699,1302,162,235,1302,645,1431001.0
1,2019,condo,2m6m,1817,1817,1355,259,203,1355,612,2970000.0
1,2019,condo,500k1m,1340,1340,1113,152,75,1113,591,800000.0
1,2019,condo,6mplus,478,478,370,80,28,370,166,9300000.0
1,2019,condo,all,5630,5630,4355,686,589,4355,2060,1603971.5
1,2019,condo,under100k,107,107,78,19,10,78,6,10.0
1,2019,coop,100k500k,1294,0,0,0,0,0,0,399000.0
1,2019,coop,1m2m,1488,0,0,0,0,0,0,1400000.0
1,2019,coop,2m6m,883,0,0,0,0,0,0,2875000.0
1,2019,coop,500k1m,2690,0,0,0,0,0,0,715000.0
1,2019,coop,6mplus,141,0,0,0,0,0,0,11176470.0
1,2019,coop,all,6569,0,0,0,0,0,0,810000.0
1,2019,coop,under100k,73,0,0,0,0,0,0,40000.0
1,2019,house,100k500k,3,3,2,1,0,3,1,425000.0
1,2019,house,1m2m,27,27,27,0,0,27,18,1638905.0
1,2019,house,2m6m,83,83,83,0,0,83,53,3400000.0
1,2019,house,500k1m,12,12,12,0,0,12,8,749500.0
1,2019,house,6mplus,92,92,85,7,0,92,34,10374999.5
1,2019,house,all,229,229,221,8,0,229,115,4675000.0
1,2019,house,under100k,12,12,12,0,0,12,1,10.0
1,2020,all,100k500k,1102,145,130,9,6,130,52,400000.0
1,2020,all,1m2m,2154,1105,944,105,56,944,517,1450000.0
1,2020,all,2m6m,1808,1214,867,260,87,869,448,2999450.0
1,2020,all,500k1m,2949,1024,859,128,37,860,500,729000.0
1,2020,all,6mplus,558,444,275,165,4,275,99,10076165.5
1,2020,all,all,8717,4021,3136,679,206,3139,1620,1075000.0
1,2020,all,under100k,146,89,61,12,16,61,4,10.0
1,2020,condo,100k500k,144,144,129,9,6,129,52,409787.5
1,2020,condo,1m2m,1095,1095,934,105,56,934,509,1500000.0
1,2020,condo,2m6m,1159,1159,814,258,87,814,416,3060000.0
1,2020,condo,500k1m,1019,1019,855,127,37,855,498,780000.0
1,2020,condo,6mplus,369,369,200,165,4,200,67,11500000.0
1,2020,condo,all,3873,3873,2991,676,206,2991,1545,1630000.0
1,2020,condo,under100k,87,87,59,12,16,59,3,10.0
1,2020,coop,100k500k,957,0,0,0,0,0,0,400000.0
1,2020,coop,1m2m,1049,0,0,0,0,0,0,1400000.0
1,2020,coop,2m6m,594,0,0,0,0,0,0,2855550.0
1,2020,coop,500k1m,1925,0,0,0,0,0,0,700000.0
1,2020,coop,6mplus,114,0,0,0,0,0,0,8116908.5
1,2020,coop,all,4696,0,0,0,0,0,0,786445.0
1,2020,coop,under100k,57,0,0,0,0,0,0,28304.0
1,2020,house,100k500k,1,1,1,0,0,1,0,319393.0
1,2020,house,1m2m,10,10,10,0,0,10,8,1587500.0
1,2020,house,2m6m,55,55,53,2,0,55,32,3700000.0
1,2020,house,500k1m,5,5,4,1,0,5,2,906243.0
1,2020,house,6mplus,75,75,75,0,0,75,32,9000000.0
1,2020,house,all,148,148,145,3,0,148,75,6050000.0
1,2020,house,under100k,2,2,2,0,0,2,1,505.0
1,2021,all,100k500k,2356,369,229,23,117,229,107,395000.0
1,2021,all,1m2m,4651,2502,2063,237,202,2064,1192,1408240.0
1,2021,all,2m6m,3902,2722,2131,411,180,2133,1137,2950000.0
1,2021,all,500k1m,5635,1907,1589,228,90,1591,1018,729000.0
1,2021,all,6mplus,1074,883,560,294,29,565,234,10110000.0
1,2021,all,all,17824,8490,6655,1207,628,6665,3695,1150000.0
1,2021,all,under100k,206,107,83,14,10,83,7,10.0
1,2021,condo,100k500k,362,362,222,23,117,222,106,406298.5
1,2021,condo,1m2m,2475,2475,2037,236,202,2037,1176,1444000.0
1,2021,condo,2m6m,2605,2605,2016,409,180,2016,1053,2990000.0
1,2021,condo,500k1m,1899,1899,1583,226,90,1583,1015,785000.0
1,2021,condo,6mplus,758,758,440,289,29,440,175,10650000.0
1,2021,condo,all,8196,8196,6371,1197,628,6371,3531,1660000.0
1,2021,condo,under100k,97,97,73,14,10,73,6,10.0
1,2021,coop,100k500k,1987,0,0,0,0,0,0,392000.0
1,2021,coop,1m2m,2149,0,0,0,0,0,0,1385000.0
1,2021,coop,2m6m,1180,0,0,0,0,0,0,2777500.0
1,2021,coop,500k1m,3728,0,0,0,0,0,0,705000.0
1,2021,coop,6mplus,191,0,0,0,0,0,0,9000000.0
1,2021,coop,all,9334,0,0,0,0,0,0,799000.0
1,2021,coop,under100k,99,0,0,0,0,0,0,30912.0
1,2021,house,100k500k,7,7,7,0,0,7,1,420000.0
1,2021,house,1m2m,27,27,26,1,0,27,16,1650000.0
1,2021,house,2m6m,117,117,115,2,0,117,84,3750000.0
1,2021,house,500k1m,8,8,6,2,0,8,3,852500.0
1,2021,house,6mplus,125,125,120,5,0,125,59,10750000.0
1,2021,house,all,294,294,284,10,0,294,164,5125000.0
1,2021,house,under100k,10,10,10,0,0,10,1,10.0
1,2022,all,100k500k,1985,157,133,16,8,133,73,392000.0
1,2022,all,1m2m,4115,2141,1764,195,182,1765,947,1432500.0
1,2022,all,2m6m,3762,2581,1985,389,207,1996,1063,2971829.5
1,2022,all,500k1m,5154,1716,1403,180,133,1403,824,730000.0
1,2022,all,6mplus,1072,880,631,204,45,635,291,9000000.0
1,2022,all,all,16280,7558,5977,1001,580,5993,3200,1185000.0
1,2022,all,under100k,192,83,61,17,5,61,2,20.0
1,2022,condo,100k500k,154,154,130,16,8,130,73,443750.0
1,2022,condo,1m2m,2112,2112,1736,194,182,1736,931,1450000.0
1,2022,condo,2m6m,2491,2491,1906,378,207,1906,1004,3001875.0
1,2022,condo,500k1m,1705,1705,1392,180,133,1392,814,780000.0
1,2022,condo,6mplus,763,763,518,200,45,518,238,9000000.0
1,2022,condo,all,7299,7299,5734,985,580,5734,3061,1750000.0
1,2022,condo,under100k,74,74,52,17,5,52,1,10.0
1,2022,coop,100k500k,1828,0,0,0,0,0,0,385733.0
1,2022,coop,1m2m,1974,0,0,0,0,0,0,1400000.0
1,2022,coop,2m6m,1181,0,0,0,0,0,0,2825000.0
1,2022,coop,500k1m,3438,0,0,0,0,0,0,710000.0
1,2022,coop,6mplus,192,0,0,0,0,0,0,8731250.0
1,2022,coop,all,8722,0,0,0,0,0,0,810000.0
1,2022,coop,under100k,109,0,0,0,0,0,0,50000.0
1,2022,house,100k500k,3,3,3,0,0,3,0,399000.0
1,2022,house,1m2m,29,29,28,1,0,29,16,1400000.0
1,2022,house,2m6m,90,90,79,11,0,90,59,4187500.0
1,2022,house,500k1m,11,11,11,0,0,11,10,953082.0
1,2022,house,6mplus,117,117,113,4,0,117,53,9100000.0
1,2022,house,all,259,259,243,16,0,259,139,5400000.0
1,2022,house,under100k,9,9,9,0,0,9,1,10.0
1,2023,all,100k500k,1546,147,131,14,2,131,46,385000.0
1,2023,all,1m2m,3099,1601,1315,173,113,1315,526,1400000.0
1,2023,all,2m6m,2711,1898,1362,475,61,1363,499,3025000.0
1,2023,all,500k1m,3672,1236,1030,160,46,1030,468,729250.0
1,2023,all,6mplus,952,771,471,282,18,478,151,9000000.0
1,2023,all,all,12176,5768,4404,1116,248,4412,1692,1180000.0
1,2023,all,under100k,196,115,95,12,8,95,2,10.0
1,2023,condo,100k500k,145,145,129,14,2,129,46,430000.0
1,2023,condo,1m2m,1583,1583,1297,173,113,1297,515,1425000.0
1,2023,condo,2m6m,1834,1834,1299,474,61,1299,470,3139326.5
1,2023,condo,500k1m,1226,1226,1020,160,46,1020,461,770000.0
1,2023,condo,6mplus,689,689,396,275,18,396,126,9275000.0
1,2023,condo,all,5585,5585,4229,1108,248,4229,1619,1785000.0
1,2023,condo,under100k,108,108,88,12,8,88,1,10.0
1,2023,coop,100k500k,1399,0,0,0,0,0,0,380000.0
1,2023,coop,1m2m,1498,0,0,0,0,0,0,1385000.0
1,2023,coop,2m6m,813,0,0,0,0,0,0,2800200.0
1,2023,coop,500k1m,2436,0,0,0,0,0,0,700000.0
1,2023,coop,6mplus,181,0,0,0,0,0,0,8350000.0
1,2023,coop,all,6408,0,0,0,0,0,0,805000.0
1,2023,coop,under100k,81,0,0,0,0,0,0,35490.0
1,2023,house,100k500k,2,2,2,0,0,2,0,345895.0
1,2023,house,1m2m,18,18,18,0,0,18,11,1515000.0
1,2023,house,2m6m,64,64,63,1,0,64,29,4290000.0
1,2023,house,500k1m,10,10,10,0,0,10,7,867528.0
1,2023,house,6mplus,82,82,75,7,0,82,25,9872500.0
1,2023,house,all,183,183,175,8,0,183,73,5650000.0
1,2023,house,under100k,7,7,7,0,0,7,1,10.0
1,2024,all,100k500k,1524,154,134,13,7,134,38,380500.0
1,2024,all,1m2m,3001,1608,1360,166,82,1361,516,1425000.0
1,2024,all,2m6m,2686,1749,1418,262,69,1419,473,2950000.0
1,2024,all,500k1m,3841,1302,1114,135,53,1114,477,735000.0
1,2024,all,6mplus,725,578,444,121,13,446,113,9000000.0
1,2024,all,all,11963,5497,4549,714,234,4553,1623,1140000.0
1,2024,all,under100k,186,106,79,17,10,79,6,10.0
1,2024,condo,100k500k,150,150,130,13,7,130,38,402376.0
1,2024,condo,1m2m,1577,1577,1330,165,82,1330,500,1450000.0
1,2024,condo,2m6m,1667,1667,1337,261,69,1337,428,2970000.0
1,2024,condo,500k1m,1290,1290,1102,135,53,1102,469,780000.0
1,2024,condo,6mplus,496,496,364,119,13,364,80,9564000.0
1,2024,condo,all,5279,5279,4335,710,234,4335,1521,1675000.0
1,2024,condo,under100k,99,99,72,17,10,72,6,10.0
1,2024,coop,100k500k,1370,0,0,0,0,0,0,380000.0
1,2024,coop,1m2m,1393,0,0,0,0,0,0,1400000.0
1,2024,coop,2m6m,937,0,0,0,0,0,0,2850000.0
1,2024,coop,500k1m,2539,0,0,0,0,0,0,705000.0
1,2024,coop,6mplus,147,0,0,0,0,0,0,7995500.0
1,2024,coop,all,6466,0,0,0,0,0,0,810000.0
1,2024,coop,under100k,80,0,0,0,0,0,0,32538.0
1,2024,house,100k500k,4,4,4,0,0,4,0,308500.0
1,2024,house,1m2m,31,31,30,1,0,31,16,1550000.0
1,2024,house,2m6m,82,82,81,1,0,82,45,4282500.0
1,2024,house,500k1m,12,12,12,0,0,12,8,845511.0
1,2024,house,6mplus,82,82,80,2,0,82,33,9905000.0
1,2024,house,all,218,218,214,4,0,218,102,4737500.0
1,2024,house,under100k,7,7,7,0,0,7,0,10.0
1,2025,all,100k500k,1663,231,177,7,47,177,45,393000.0
1,2025,all,1m2m,3398,1759,1464,168,127,1466,544,1415110.5
1,2025,all,2m6m,3071,2008,1616,313,79,1617,550,2986420.0
1,2025,all,500k1m,4189,1471,1234,178,59,1234,540,730000.0
1,2025,all,6mplus,909,717,551,133,33,553,175,9435000.0
1,2025,all,all,13447,6318,5135,833,350,5141,1856,1180152.0
1,2025,all,under100k,217,132,93,34,5,94,2,500.0
1,2025,condo,100k500k,229,229,175,7,47,175,43,425000.0
1,2025,condo,1m2m,1725,1725,1432,166,127,1432,522,1425000.0
1,2025,condo,2m6m,1923,1923,1532,312,79,1532,504,3050000.0
1,2025,condo,500k1m,1462,1462,1225,178,59,1225,532,785000.0
1,2025,condo,6mplus,610,610,446,131,33,446,130,9412500.0
1,2025,condo,all,6078,6078,4901,827,350,4901,1733,1625000.0
1,2025,condo,under100k,129,129,91,33,5,91,2,10.0
1,2025,coop,100k500k,1432,0,0,0,0,0,0,390000.0
1,2025,coop,1m2m,1639,0,0,0,0,0,0,1400000.0
1,2025,coop,2m6m,1063,0,0,0,0,0,0,2850000.0
1,2025,coop,500k1m,2718,0,0,0,0,0,0,700000.0
1,2025,coop,6mplus,192,0,0,0,0,0,0,9250000.0
1,2025,coop,all,7129,0,0,0,0,0,0,840000.0
1,2025,coop,under100k,85,0,0,0,0,0,0,43430.0
1,2025,house,100k500k,2,2,2,0,0,2,2,226000.0
1,2025,house,1m2m,34,34,32,2,0,34,22,1500000.0
1,2025,house,2m6m,85,85,84,1,0,85,46,3675000.0
1,2025,house,500k1m,9,9,9,0,0,9,8,800000.0
1,2025,house,6mplus,107,107,105,2,0,107,45,9600000.0
1,2025,house,all,240,240,234,6,0,240,123,5150000.0
1,2025,house,under100k,3,3,2,1,0,3,0,1.0
1,all,all,100k500k,16733,2067,1598,139,330,1599,606,392500.0
1,all,all,1m2m,33373,17740,14569,1772,1399,14576,6995,1420000.0
1,all,all,2m6m,28937,19717,15275,3125,1317,15297,7020,2966000.0
1,all,all,500k1m,42766,14449,11983,1649,817,11987,6236,730000.0
1,all,all,6mplus,8394,6836,5011,1513,312,5045,1942,9222264.5
1,all,all,all,132262,61856,49201,8372,4283,49270,22849,1125000.0
1,all,all,under100k,2059,1047,765,174,108,766,50,1000.0
1,all,condo,100k500k,2036,2036,1568,138,330,1568,598,409619.0
1,all,condo,1m2m,17492,17492,14328,1765,1399,14328,6848,1445000.0
1,all,condo,2m6m,18906,18906,14486,3103,1317,14486,6538,3000000.0
1,all,condo,500k1m,14348,14348,11886,1645,817,11886,6172,785000.0
1,all,condo,6mplus,5888,5888,4097,1479,312,4097,1525,9250000.0
1,all,condo,all,59647,59647,47061,8303,4283,47061,21722,1650000.0
1,all,condo,under100k,977,977,696,173,108,696,41,10.0
1,all,coop,100k500k,14666,0,0,0,0,0,0,390000.0
1,all,coop,1m2m,15633,0,0,0,0,0,0,1400000.0
1,all,coop,2m6m,9220,0,0,0,0,0,0,2823850.0
1,all,coop,500k1m,28317,0,0,0,0,0,0,705000.0
1,all,coop,6mplus,1558,0,0,0,0,0,0,8800000.0
1,all,coop,all,70406,0,0,0,0,0,0,799000.0
1,all,coop,under100k,1012,0,0,0,0,0,0,40645.0
1,all,house,100k500k,31,31,30,1,0,31,8,375000.0
1,all,house,1m2m,248,248,241,7,0,248,147,1584000.0
1,all,house,2m6m,811,811,789,22,0,811,482,3665000.0
1,all,house,500k1m,101,101,97,4,0,101,64,840000.0
1,all,house,6mplus,948,948,914,34,0,948,417,9662500.0
1,all,house,all,2209,2209,2140,69,0,2209,1127,5000000.0
1,all,house,under100k,70,70,69,1,0,70,9,10.0
2,2016,all,100k500k,2920,2166,1901,252,13,1965,1229,304750.0
2,2016,all,1m2m,35,32,29,3,0,32,18,1275000.0
2,2016,all,2m6m,20,18,13,5,0,16,6,2807382.5
2,2016,all,500k1m,998,956,908,42,6,944,731,580000.0
2,2016,all,6mplus,1,1,0,1,0,1,0,8000000.0
2,2016,all,all,4378,3383,3012,343,28,3128,2014,350000.0
2,2016,all,under100k,404,210,161,40,9,170,30,51750.0
2,2016,condo,100k500k,312,312,111,188,13,111,59,145700.0
2,2016,condo,1m2m,5,5,5,0,0,5,2,1248171.0
2,2016,condo,2m6m,3,3,1,2,0,1,0,2784765.0
2,2016,condo,500k1m,35,35,23,6,6,23,12,625000.0
2,2016,condo,all,414,414,159,227,28,159,75,140000.0
2,2016,condo,under100k,59,59,19,31,9,19,2,80000.0
2,2016,coop,100k500k,754,0,0,0,0,0,0,185000.0
2,2016,coop,1m2m,3,0,0,0,0,0,0,1078204.0
2,2016,coop,2m6m,2,0,0,0,0,0,0,4733814.0
2,2016,coop,500k1m,42,0,0,0,0,0,0,580000.0
2,2016,coop,all,995,0,0,0,0,0,0,169500.0
2,2016,coop,under100k,194,0,0,0,0,0,0,69345.0
2,2016,house,100k500k,1854,1854,1790,64,0,1854,1170,365000.0
2,2016,house,1m2m,27,27,24,3,0,27,16,1370000.0
2,2016,house,2m6m,15,15,12,3,0,15,6,2550000.0
2,2016,house,500k1m,921,921,885,36,0,921,719,580000.0
2,2016,house,6mplus,1,1,0,1,0,1,0,8000000.0
2,2016,house,all,2969,2969,2853,116,0,2969,1939,425000.0
2,2016,house,under100k,151,151,142,9,0,151,28,500.0
2,2017,all,100k500k,2932,2056,1745,302,9,1831,1124,300000.0
2,2017,all,1m2m,52,49,43,6,0,48,22,1260906.0
2,2017,all,2m6m,12,12,8,4,0,12,6,2712500.0
2,2017,all,500k1m,1465,1407,1347,58,2,1397,1107,605000.0
2,2017,all,6mplus,3,2,2,0,0,2,2,12303058.0
2,2017,all,all,4900,3737,3298,408,31,3458,2283,383625.0
2,2017,all,under100k,436,211,153,38,20,168,22,32200.0
2,2017,condo,100k500k,403,403,178,216,9,178,94,160000.0
2,2017,condo,1m2m,8,8,7,1,0,7,4,1156057.0
2,2017,condo,500k1m,41,41,31,8,2,31,19,620000.0
2,2017,condo,all,513,513,234,248,31,234,118,155000.0
2,2017,condo,under100k,61,61,18,23,20,18,1,10.0
2,2017,coop,100k500k,876,0,0,0,0,0,0,195000.0
2,2017,coop,1m2m,3,0,0,0,0,0,0,1150000.0
2,2017,coop,500k1m,58,0,0,0,0,0,0,591014.5
2,2017,coop,6mplus,1,0,0,0,0,0,0,34953715.0
2,2017,coop,all,1163,0,0,0,0,0,0,175000.0
2,2017,coop,under100k,225,0,0,0,0,0,0,61200.0
2,2017,house,100k500k,1653,1653,1567,86,0,1653,1030,385000.0
2,2017,house,1m2m,41,41,36,5,0,41,18,1300000.0
2,2017,house,2m6m,12,12,8,4,0,12,6,2712500.0
2,2017,house,500k1m,1366,1366,1316,50,0,1366,1088,605000.0
2,2017,house,6mplus,2,2,2,0,0,2,2,9276529.0
2,2017,house,all,3224,3224,3064,160,0,3224,2165,470000.0
2,2017,house,under100k,150,150,135,15,0,150,21,100.0
2,2018,all,100k500k,2799,1958,1593,314,51,1649,980,300000.0
2,2018,all,1m2m,64,64,56,8,0,64,29,1302500.0
2,2018,all,2m6m,20,15,7,8,0,15,4,2950000.0
2,2018,all,500k1m,1713,1648,1588,55,5,1637,1303,636406.0
2,2018,all,6mplus,2,0,0,0,0,0,0,7803874.0
2,2018,all,all,4955,3879,3412,411,56,3547,2335,415000.0
2,2018,all,under100k,357,194,168,26,0,182,19,19000.0
2,2018,condo,100k500k,498,498,189,258,51,189,92,175000.0
2,2018,condo,1m2m,8,8,8,0,0,8,4,1400000.0
2,2018,condo,2m6m,1,1,1,0,0,1,1,3027375.0
2,2018,condo,500k1m,45,45,34,6,5,34,21,649000.0
2,2018,condo,all,575,575,243,276,56,243,119,185000.0
2,2018,condo,under100k,23,23,11,12,0,11,1,20450.0
2,2018,coop,100k500k,841,0,0,0,0,0,0,209000.0
2,2018,coop,2m6m,5,0,0,0,0,0,0,2700000.0
2,2018,coop,500k1m,65,0,0,0,0,0,0,630000.0
2,2018,coop,6mplus,2,0,0,0,0,0,0,7803874.0
2,2018,coop,all,1076,0,0,0,0,0,0,195000.0
2,2018,coop,under100k,163,0,0,0,0,0,0,60000.0
2,2018,house,100k500k,1460,1460,1404,56,0,1460,888,392599.5
2,2018,house,1m2m,56,56,48,8,0,56,25,1287500.0
2,2018,house,2m6m,14,14,6,8,0,14,3,2950000.0
2,2018,house,500k1m,1603,1603,1554,49,0,1603,1282,636406.0
2,2018,house,all,3304,3304,3169,135,0,3304,2216,500000.0
2,2018,house,under100k,171,171,157,14,0,171,18,100.0
2,2019,all,100k500k,2342,1535,1214,290,31,1266,802,300000.0
2,2019,all,1m2m,79,59,54,5,0,59,29,1400000.0
2,2019,all,2m6m,32,15,7,8,0,15,3,2500000.0
2,2019,all,500k1m,1804,1753,1680,69,4,1741,1473,650000.0
2,2019,all,all,4562,3538,3116,387,35,3250,2337,450000.0
2,2019,all,under100k,305,176,161,15,0,169,30,17500.0
2,2019,condo,100k500k,452,452,183,238,31,183,109,219329.0
2,2019,condo,1m2m,3,3,3,0,0,3,3,1460000.0
2,2019,condo,500k1m,44,44,32,8,4,32,22,627139.5
2,2019,condo,all,519,519,231,253,35,231,137,222000.0
2,2019,condo,under100k,20,20,13,7,0,13,3,8976.5
2,2019,coop,100k500k,807,0,0,0,0,0,0,210425.0
2,2019,coop,1m2m,20,0,0,0,0,0,0,1933500.0
2,2019,coop,2m6m,17,0,0,0,0,0,0,2500000.0
2,2019,coop,500k1m,51,0,0,0,0,0,0,625000.0
2,2019,coop,all,1024,0,0,0,0,0,0,207250.0
2,2019,coop,under100k,129,0,0,0,0,0,0,65000.0
2,2019,house,100k500k,1083,1083,1031,52,0,1083,693,405000.0
2,2019,house,1m2m,56,56,51,5,0,56,26,1246178.0
2,2019,house,2m6m,15,15,7,8,0,15,3,2775000.0
2,2019,house,500k1m,1709,1709,1648,61,0,1709,1451,650000.0
2,2019,house,all,3019,3019,2885,134,0,3019,2200,549000.0
2,2019,house,under100k,156,156,148,8,0,156,27,10.0
2,2020,all,100k500k,1495,916,696,203,17,745,447,290000.0
2,2020,all,1m2m,56,56,47,9,0,56,36,1220950.0
2,2020,all,2m6m,216,11,11,0,0,11,4,3981610.0
2,2020,all,500k1m,1554,1498,1449,49,0,1496,1288,661250.0
2,2020,all,6mplus,208,3,0,3,0,3,0,30801762.0
2,2020,all,all,3757,2643,2348,277,18,2464,1797,530000.0
2,2020,all,under100k,228,159,145,13,1,153,22,2275.0
2,2020,condo,100k500k,286,286,115,154,17,115,76,225000.0
2,2020,condo,1m2m,3,3,3,0,0,3,2,1100000.0
2,2020,condo,500k1m,25,25,23,2,0,23,16,635000.0
2,2020,condo,all,329,329,150,161,18,150,96,240000.0
2,2020,condo,under100k,15,15,9,5,1,9,2,12000.0
2,2020,coop,100k500k,579,0,0,0,0,0,0,215899.0
2,2020,coop,2m6m,205,0,0,0,0,0,0,3981610.0
2,2020,coop,500k1m,56,0,0,0,0,0,0,601840.0
2,2020,coop,6mplus,205,0,0,0,0,0,0,30801762.0
2,2020,coop,all,1114,0,0,0,0,0,0,332500.0
2,2020,coop,under100k,69,0,0,0,0,0,0,70000.0
2,2020,house,100k500k,630,630,581,49,0,630,371,400000.0
2,2020,house,1m2m,53,53,44,9,0,53,34,1221900.0
2,2020,house,2m6m,11,11,11,0,0,11,4,2437500.0
2,2020,house,500k1m,1473,1473,1426,47,0,1473,1272,665000.0
2,2020,house,6mplus,3,3,0,3,0,3,0,87400000.0
2,2020,house,all,2314,2314,2198,116,0,2314,1701,586050.0
2,2020,house,under100k,144,144,136,8,0,144,20,10.0
2,2021,all,100k500k,1784,860,633,212,15,674,422,276487.5
2,2021,all,1m2m,154,152,134,18,0,152,99,1200000.0
2,2021,all,2m6m,68,26,22,4,0,26,13,4850000.0
2,2021,all,500k1m,2282,2179,2088,89,2,2160,1907,690000.0
2,2021,all,6mplus,49,1,1,0,0,1,0,6650000.0
2,2021,all,all,4600,3387,3011,346,30,3154,2469,540000.0
2,2021,all,under100k,263,169,133,23,13,141,28,100.0
2,2021,condo,100k500k,333,333,147,171,15,147,111,252000.0
2,2021,condo,1m2m,5,5,5,0,0,5,4,1200000.0
2,2021,condo,500k1m,65,65,46,17,2,46,32,645000.0
2,2021,condo,all,434,434,201,203,30,201,149,265000.0
2,2021,condo,under100k,31,31,3,15,13,3,2,10.0
2,2021,coop,100k500k,924,0,0,0,0,0,0,240000.0
2,2021,coop,1m2m,2,0,0,0,0,0,0,1112500.0
2,2021,coop,2m6m,42,0,0,0,0,0,0,4850000.0
2,2021,coop,500k1m,103,0,0,0,0,0,0,585000.0
2,2021,coop,6mplus,48,0,0,0,0,0,0,6650000.0
2,2021,coop,all,1213,0,0,0,0,0,0,255000.0
2,2021,coop,under100k,94,0,0,0,0,0,0,60000.0
2,2021,house,100k500k,527,527,486,41,0,527,311,415000.0
2,2021,house,1m2m,147,147,129,18,0,147,95,1200000.0
2,2021,house,2m6m,26,26,22,4,0,26,13,2475000.0
2,2021,house,500k1m,2114,2114,2042,72,0,2114,1875,700000.0
2,2021,house,6mplus,1,1,1,0,0,1,0,6100000.0
2,2021,house,all,2953,2953,2810,143,0,2953,2320,654500.0
2,2021,house,under100k,138,138,130,8,0,138,26,10.0
2,2022,all,100k500k,1602,724,477,238,9,524,273,265000.0
2,2022,all,1m2m,236,205,183,22,0,196,149,1220950.0
2,2022,all,2m6m,95,21,16,5,0,21,12,3357678.0
2,2022,all,500k1m,2238,2118,2044,68,6,2105,1806,710000.0
2,2022,all,6mplus,1,1,0,1,0,1,0,17062000.0
2,2022,all,all,4403,3226,2862,349,15,2998,2272,575000.0
2,2022,all,under100k,231,157,142,15,0,151,32,1000.0
2,2022,condo,100k500k,332,332,132,191,9,132,85,230000.0
2,2022,condo,1m2m,16,16,7,9,0,7,4,1600000.0
2,2022,condo,500k1m,54,54,41,7,6,41,28,585000.0
2,2022,condo,all,413,413,185,213,15,185,117,254000.0
2,2022,condo,under100k,11,11,5,6,0,5,0,10.0
2,2022,coop,100k500k,878,0,0,0,0,0,0,235000.0
2,2022,coop,1m2m,31,0,0,0,0,0,0,1920094.0
2,2022,coop,2m6m,74,0,0,0,0,0,0,3357678.0
2,2022,coop,500k1m,120,0,0,0,0,0,0,603120.0
2,2022,coop,all,1177,0,0,0,0,0,0,260058.0
2,2022,coop,under100k,74,0,0,0,0,0,0,60573.0
2,2022,house,100k500k,392,392,345,47,0,392,188,400000.0
2,2022,house,1m2m,189,189,176,13,0,189,145,1200000.0
2,2022,house,2m6m,21,21,16,5,0,21,12,2300000.0
2,2022,house,500k1m,2064,2064,2003,61,0,2064,1778,720000.0
2,2022,house,6mplus,1,1,0,1,0,1,0,17062000.0
2,2022,house,all,2813,2813,2677,136,0,2813,2155,690000.0
2,2022,house,under100k,146,146,137,9,0,146,32,10.0
2,2023,all,100k500k,1345,640,434,202,4,465,244,250000.0
2,2023,all,1m2m,164,161,149,12,0,161,120,1175000.0
2,2023,all,2m6m,39,20,12,8,0,20,5,2650000.0
2,2023,all,500k1m,1586,1518,1477,41,0,1509,1284,702000.0
2,2023,all,all,3332,2456,2179,273,4,2270,1664,540000.0
2,2023,all,under100k,198,117,107,10,0,115,11,6750.0
2,2023,condo,100k500k,303,303,128,171,4,128,79,218500.0
2,2023,condo,1m2m,5,5,5,0,0,5,3,1421000.0
2,2023,condo,2m6m,1,1,1,0,0,1,0,3360225.0
2,2023,condo,500k1m,50,50,41,9,0,41,27,640000.0
2,2023,condo,all,365,365,179,182,4,179,109,250000.0
2,2023,condo,under100k,6,6,4,2,0,4,0,5.5
2,2023,coop,100k500k,705,0,0,0,0,0,0,220000.0
2,2023,coop,1m2m,3,0,0,0,0,0,0,1386000.0
2,2023,coop,2m6m,19,0,0,0,0,0,0,2650000.0
2,2023,coop,500k1m,68,0,0,0,0,0,0,609677.5
2,2023,coop,all,876,0,0,0,0,0,0,220000.0
2,2023,coop,under100k,81,0,0,0,0,0,0,75000.0
2,2023,house,100k500k,337,337,306,31,0,337,165,385000.0
2,2023,house,1m2m,156,156,144,12,0,156,117,1167500.0
2,2023,house,2m6m,19,19,11,8,0,19,5,2525000.0
2,2023,house,500k1m,1468,1468,1436,32,0,1468,1257,714500.0
2,2023,house,all,2091,2091,2000,91,0,2091,1555,675000.0
2,2023,house,under100k,111,111,103,8,0,111,11,10.0
2,2024,all,100k500k,1297,605,378,217,10,417,204,265000.0
2,2024,all,1m2m,255,233,216,17,0,233,182,1200000.0
2,2024,all,2m6m,156,18,11,7,0,18,6,4630828.0
2,2024,all,500k1m,1610,1544,1493,49,2,1536,1277,735000.0
2,2024,all,6mplus,40,1,0,1,0,1,0,7502715.0
2,2024,all,all,3573,2543,2233,297,13,2343,1679,590000.0
2,2024,all,under100k,215,142,135,6,1,138,10,100.0
2,2024,condo,100k500k,313,313,125,178,10,125,65,235000.0
2,2024,condo,1m2m,5,5,5,0,0,5,2,1600000.0
2,2024,condo,500k1m,45,45,37,6,2,37,22,610000.0
2,2024,condo,all,378,378,178,187,13,178,89,251750.5
2,2024,condo,under100k,15,15,11,3,1,11,0,10.0
2,2024,coop,100k500k,692,0,0,0,0,0,0,232500.0
2,2024,coop,1m2m,22,0,0,0,0,0,0,1711960.0
2,2024,coop,2m6m,138,0,0,0,0,0,0,4630828.0
2,2024,coop,500k1m,66,0,0,0,0,0,0,622500.0
2,2024,coop,6mplus,39,0,0,0,0,0,0,7502715.0
2,2024,coop,all,1030,0,0,0,0,0,0,280000.0
2,2024,coop,under100k,73,0,0,0,0,0,0,72000.0
2,2024,house,100k500k,292,292,253,39,0,292,139,395000.0
2,2024,house,1m2m,228,228,211,17,0,228,180,1191543.5
2,2024,house,2m6m,18,18,11,7,0,18,6,2810000.0
2,2024,house,500k1m,1499,1499,1456,43,0,1499,1255,749000.0
2,2024,house,6mplus,1,1,0,1,0,1,0,7000000.0
2,2024,house,all,2165,2165,2055,110,0,2165,1590,715000.0
2,2024,house,under100k,127,127,124,3,0,127,10,10.0
2,2025,all,100k500k,1260,575,365,200,10,389,167,265000.0
2,2025,all,1m2m,340,310,296,14,0,310,235,1200000.0
2,2025,all,2m6m,32,32,22,10,0,32,11,2525000.0
2,2025,all,500k1m,1636,1565,1500,61,4,1553,1247,750000.0
2,2025,all,6mplus,95,1,1,0,0,1,1,13559858.0
2,2025,all,all,3589,2648,2342,292,14,2446,1676,610000.0
2,2025,all,under100k,226,165,158,7,0,161,15,10.0
2,2025,condo,100k500k,307,307,121,176,10,121,68,250000.0
2,2025,condo,1m2m,4,4,4,0,0,4,1,1110000.0
2,2025,condo,500k1m,48,48,36,8,4,36,22,582500.0
2,2025,condo,all,371,371,169,188,14,169,91,275000.0
2,2025,condo,under100k,12,12,8,4,0,8,0,505.0
2,2025,coop,100k500k,685,0,0,0,0,0,0,235000.0
2,2025,coop,1m2m,30,0,0,0,0,0,0,1569389.0
2,2025,coop,500k1m,71,0,0,0,0,0,0,645000.0
2,2025,coop,6mplus,94,0,0,0,0,0,0,13559858.0
2,2025,coop,all,941,0,0,0,0,0,0,265000.0
2,2025,coop,under100k,61,0,0,0,0,0,0,66000.0
2,2025,house,100k500k,268,268,244,24,0,268,99,400000.0
2,2025,house,1m2m,306,306,292,14,0,306,234,1180000.0
2,2025,house,2m6m,32,32,22,10,0,32,11,2525000.0
2,2025,house,500k1m,1517,1517,1464,53,0,1517,1225,750000.0
2,2025,house,6mplus,1,1,1,0,0,1,1,6500000.0
2,2025,house,all,2277,2277,2173,104,0,2277,1585,750000.0
2,2025,house,under100k,153,153,150,3,0,153,15,10.0
2,all,all,100k500k,19776,12035,9436,2430,169,9925,5892,285000.0
2,all,all,1m2m,1435,1321,1207,114,0,1311,919,1200000.0
2,all,all,2m6m,690,188,129,59,0,186,70,3675000.0
2,all,all,500k1m,16886,16186,15574,581,31,16078,13423,675000.0
2,all,all,6mplus,399,10,4,6,0,10,3,13559858.0
2,all,all,all,42049,31440,27813,3383,244,29058,20526,465854.0
2,all,all,under100k,2863,1700,1463,193,44,1548,219,10000.0
2,all,condo,100k500k,3539,3539,1429,1941,169,1429,838,212600.0
2,all,condo,1m2m,62,62,52,10,0,52,29,1272500.0
2,all,condo,2m6m,5,5,3,2,0,3,1,3027375.0
2,all,condo,500k1m,452,452,344,77,31,344,221,630000.0
2,all,condo,all,4311,4311,1929,2138,244,1929,1100,225000.0
2,all,condo,under100k,253,253,101,108,44,101,11,500.0
2,all,coop,100k500k,7741,0,0,0,0,0,0,220000.0
2,all,coop,1m2m,114,0,0,0,0,0,0,1601546.0
2,all,coop,2m6m,502,0,0,0,0,0,0,3981610.0
2,all,coop,500k1m,700,0,0,0,0,0,0,603680.0
2,all,coop,6mplus,389,0,0,0,0,0,0,13559858.0
2,all,coop,all,10609,0,0,0,0,0,0,227000.0
2,all,coop,under100k,1163,0,0,0,0,0,0,65000.0
2,all,house,100k500k,8496,8496,8007,489,0,8496,5054,390000.0
2,all,house,1m2m,1259,1259,1155,104,0,1259,890,1200000.0
2,all,house,2m6m,183,183,126,57,0,183,69,2550000.0
2,all,house,500k1m,15734,15734,15230,504,0,15734,13202,678000.0
2,all,house,6mplus,10,10,4,6,0,10,3,10151529.0
2,all,house,all,27129,27129,25884,1245,0,27129,19426,579380.0
2,all,house,under100k,1447,1447,1362,85,0,1447,208,10.0
3,2016,all,100k500k,3959,2350,2093,159,98,2155,1292,338033.0
3,2016,all,1m2m,2648,2467,2241,145,81,2281,1663,1314271.0
3,2016,all,2m6m,714,689,609,61,19,637,419,2600000.0
3,2016,all,500k1m,5486,4869,4309,425,135,4377,3265,720000.0
3,2016,all,6mplus,30,27,19,8,0,24,11,7595599.0
3,2016,all,all,13387,10878,9720,823,335,9940,6734,670000.0
3,2016,all,under100k,550,476,449,25,2,466,84,500.0
3,2016,condo,100k500k,727,727,532,97,98,532,297,400000.0
3,2016,condo,1m2m,772,772,586,105,81,586,427,1325000.0
3,2016,condo,2m6m,231,231,179,33,19,179,130,2663874.0
3,2016,condo,500k1m,1665,1665,1173,357,135,1173,888,719000.0
3,2016,condo,6mplus,9,9,6,3,0,6,4,7691198.0
3,2016,condo,all,3452,3452,2514,603,335,2514,1761,753505.0
3,2016,condo,under100k,48,48,38,8,2,38,15,10.0
3,2016,coop,100k500k,1609,0,0,0,0,0,0,275000.0
3,2016,coop,1m2m,181,0,0,0,0,0,0,1300000.0
3,2016,coop,2m6m,25,0,0,0,0,0,0,2500000.0
3,2016,coop,500k1m,617,0,0,0,0,0,0,660000.0
3,2016,coop,6mplus,3,0,0,0,0,0,0,20250000.0
3,2016,coop,all,2509,0,0,0,0,0,0,360000.0
3,2016,coop,under100k,74,0,0,0,0,0,0,50000.0
3,2016,house,100k500k,1623,1623,1561,62,0,1623,995,370000.0
3,2016,house,1m2m,1695,1695,1655,40,0,1695,1236,1305000.0
3,2016,house,2m6m,458,458,430,28,0,458,289,2542500.0
3,2016,house,500k1m,3204,3204,3136,68,0,3204,2377,735250.0
3,2016,house,6mplus,18,18,13,5,0,18,7,7481757.0
3,2016,house,all,7426,7426,7206,220,0,7426,4973,750000.0
3,2016,house,under100k,428,428,411,17,0,428,69,55.0
3,2017,all,100k500k,3513,1947,1727,125,95,1771,1054,339690.0
3,2017,all,1m2m,3028,2833,2564,152,117,2590,1943,1350000.0
3,2017,all,2m6m,1011,983,860,49,74,878,602,2535000.0
3,2017,all,500k1m,5898,5227,4565,410,252,4612,3451,735000.0
3,2017,all,6mplus,29,29,26,3,0,29,16,7249026.0
3,2017,all,all,14006,11505,10193,769,543,10352,7140,737500.0
3,2017,all,under100k,527,486,451,30,5,472,74,10.0
3,2017,condo,100k500k,590,590,414,81,95,414,242,363050.5
3,2017,condo,1m2m,1078,1078,835,126,117,835,615,1366250.0
3,2017,condo,2m6m,372,372,267,31,74,267,183,2543079.0
3,2017,condo,500k1m,2054,2054,1439,363,252,1439,1051,750000.0
3,2017,condo,6mplus,12,12,12,0,0,12,7,7147933.5
3,2017,condo,all,4168,4168,3015,610,543,3015,2103,850000.0
3,2017,condo,under100k,62,62,48,9,5,48,5,55.0
3,2017,coop,100k500k,1566,0,0,0,0,0,0,285000.0
3,2017,coop,1m2m,195,0,0,0,0,0,0,1300000.0
3,2017,coop,2m6m,28,0,0,0,0,0,0,2480250.0
3,2017,coop,500k1m,671,0,0,0,0,0,0,679000.0
3,2017,coop,all,2501,0,0,0,0,0,0,387000.0
3,2017,coop,under100k,41,0,0,0,0,0,0,37136.0
3,2017,house,100k500k,1357,1357,1313,44,0,1357,812,385904.0
3,2017,house,1m2m,1755,1755,1729,26,0,1755,1328,1350000.0
3,2017,house,2m6m,611,611,593,18,0,611,419,2535000.0
3,2017,house,500k1m,3173,3173,3126,47,0,3173,2400,740000.0
3,2017,house,6mplus,17,17,14,3,0,17,9,7630000.0
3,2017,house,all,7337,7337,7178,159,0,7337,5037,790000.0
3,2017,house,under100k,424,424,403,21,0,424,69,10.0
3,2018,all,100k500k,3017,1599,1431,90,78,1459,890,350000.0
3,2018,all,1m2m,2943,2750,2556,134,60,2570,1962,1350000.0
3,2018,all,2m6m,899,859,787,59,13,805,524,2596537.0
3,2018,all,500k1m,5583,4916,4296,447,173,4338,3376,735000.0
3,2018,all,6mplus,31,31,27,4,0,30,13,7400000.0
3,2018,all,all,12972,10607,9512,765,330,9634,6820,750000.0
3,2018,all,under100k,499,452,415,31,6,432,55,10.0
3,2018,condo,100k500k,602,602,462,62,78,462,288,395460.0
3,2018,condo,1m2m,921,921,741,120,60,741,548,1372500.0
3,2018,condo,2m6m,280,280,226,41,13,226,146,2590000.0
3,2018,condo,500k1m,1836,1836,1258,405,173,1258,957,738231.0
3,2018,condo,6mplus,6,6,5,1,0,5,2,9564350.0
3,2018,condo,all,3700,3700,2727,643,330,2727,1944,809862.5
3,2018,condo,under100k,55,55,35,14,6,35,3,10.0
3,2018,coop,100k500k,1418,0,0,0,0,0,0,300000.0
3,2018,coop,1m2m,193,0,0,0,0,0,0,1325000.0
3,2018,coop,2m6m,40,0,0,0,0,0,0,2507500.0
3,2018,coop,500k1m,667,0,0,0,0,0,0,684077.0
3,2018,coop,all,2365,0,0,0,0,0,0,410000.0
3,2018,coop,under100k,47,0,0,0,0,0,0,35000.0
3,2018,house,100k500k,997,997,969,28,0,997,602,392000.0
3,2018,house,1m2m,1829,1829,1815,14,0,1829,1414,1350000.0
3,2018,house,2m6m,579,579,561,18,0,579,378,2600000.0
3,2018,house,500k1m,3080,3080,3038,42,0,3080,2419,750000.0
3,2018,house,6mplus,25,25,22,3,0,25,11,7100000.0
3,2018,house,all,6907,6907,6785,122,0,6907,4876,837000.0
3,2018,house,under100k,397,397,380,17,0,397,52,10.0
3,2019,all,100k500k,2610,1286,1161,80,45,1179,688,350000.0
3,2019,all,1m2m,2877,2673,2492,121,60,2510,1913,1349000.0
3,2019,all,2m6m,913,886,757,115,14,793,526,2600000.0
3,2019,all,500k1m,5449,4814,4257,382,175,4298,3445,731616.0
3,2019,all,6mplus,73,73,16,57,0,33,8,29620207.0
3,2019,all,all,12404,10181,9105,780,296,9250,6655,765000.0
3,2019,all,under100k,482,449,422,25,2,437,75,10.0
3,2019,condo,100k500k,501,501,394,62,45,394,240,415740.0
3,2019,condo,1m2m,934,934,771,103,60,771,578,1390000.0
3,2019,condo,2m6m,281,281,188,79,14,188,123,2650000.0
3,2019,condo,500k1m,1804,1804,1288,341,175,1288,1001,720460.5
3,2019,condo,6mplus,42,42,2,40,0,2,1,29620207.0
3,2019,condo,all,3612,3612,2681,635,296,2681,1952,820000.0
3,2019,condo,under100k,50,50,38,10,2,38,9,10.0
3,2019,coop,100k500k,1324,0,0,0,0,0,0,300000.0
3,2019,coop,1m2m,204,0,0,0,0,0,0,1250000.0
3,2019,coop,2m6m,27,0,0,0,0,0,0,2500000.0
3,2019,coop,500k1m,635,0,0,0,0,0,0,673000.0
3,2019,coop,all,2223,0,0,0,0,0,0,408000.0
3,2019,coop,under100k,33,0,0,0,0,0,0,38267.0
3,2019,house,100k500k,785,785,767,18,0,785,448,390500.0
3,2019,house,1m2m,1739,1739,1721,18,0,1739,1335,1338000.0
3,2019,house,2m6m,605,605,569,36,0,605,403,2575000.0
3,2019,house,500k1m,3010,3010,2969,41,0,3010,2444,750000.0
3,2019,house,6mplus,31,31,14,17,0,31,7,7220000.0
3,2019,house,all,6569,6569,6424,145,0,6569,4703,850000.0
3,2019,house,under100k,399,399,384,15,0,399,66,10.0
3,2020,all,100k500k,1906,846,759,61,26,769,451,350000.0
3,2020,all,1m2m,2481,2296,2132,124,40,2145,1741,1350000.0
3,2020,all,2m6m,652,623,577,39,7,596,401,2550000.0
3,2020,all,500k1m,4519,3934,3569,281,84,3608,2986,745000.0
3,2020,all,6mplus,135,29,17,12,0,29,11,23403402.0
3,2020,all,all,10149,8151,7457,535,159,7559,5681,790000.0
3,2020,all,under100k,456,423,403,18,2,412,91,10.0
3,2020,condo,100k500k,410,410,333,51,26,333,219,405674.5
3,2020,condo,1m2m,815,815,664,111,40,664,513,1360000.0
3,2020,condo,2m6m,174,174,147,20,7,147,95,2444354.5
3,2020,condo,500k1m,1583,1583,1257,242,84,1257,1002,740000.0
3,2020,condo,6mplus,6,6,6,0,0,6,3,7115052.0
3,2020,condo,all,3054,3054,2462,433,159,2462,1853,810000.0
3,2020,condo,under100k,66,66,55,9,2,55,21,10.0
3,2020,coop,100k500k,1060,0,0,0,0,0,0,320000.0
3,2020,coop,1m2m,185,0,0,0,0,0,0,1300007.0
3,2020,coop,2m6m,29,0,0,0,0,0,0,3200000.0
3,2020,coop,500k1m,585,0,0,0,0,0,0,661735.0
3,2020,coop,6mplus,106,0,0,0,0,0,0,23403402.0
3,2020,coop,all,1998,0,0,0,0,0,0,450000.0
3,2020,coop,under100k,33,0,0,0,0,0,0,50000.0
3,2020,house,100k500k,436,436,426,10,0,436,232,375750.0
3,2020,house,1m2m,1481,1481,1468,13,0,1481,1228,1350000.0
3,2020,house,2m6m,449,449,430,19,0,449,306,2625000.0
3,2020,house,500k1m,2351,2351,2312,39,0,2351,1984,770000.0
3,2020,house,6mplus,23,23,11,12,0,23,8,10800000.0
3,2020,house,all,5097,5097,4995,102,0,5097,3828,888000.0
3,2020,house,under100k,357,357,348,9,0,357,70,10.0
3,2021,all,100k500k,2484,984,849,82,53,860,532,355500.0
3,2021,all,1m2m,4630,4289,3878,279,132,3911,3249,1375000.0
3,2021,all,2m6m,1548,1472,1298,140,34,1330,963,2667500.0
3,2021,all,500k1m,7181,6143,5211,547,385,5270,4463,769000.0
3,2021,all,6mplus,323,322,52,270,0,63,22,30563714.0
3,2021,all,all,16688,13703,11759,1340,604,11922,9364,895000.0
3,2021,all,under100k,522,493,471,22,0,488,135,10.0
3,2021,condo,100k500k,588,588,464,71,53,464,343,414722.5
3,2021,condo,1m2m,1710,1710,1332,246,132,1332,1072,1360000.0
3,2021,condo,2m6m,534,534,392,108,34,392,285,2599248.5
3,2021,condo,500k1m,2907,2907,2034,488,385,2034,1711,775000.0
3,2021,condo,6mplus,262,262,3,259,0,3,0,30563714.0
3,2021,condo,all,6061,6061,4280,1177,604,4280,3429,950000.0
3,2021,condo,under100k,60,60,55,5,0,55,18,10.0
3,2021,coop,100k500k,1500,0,0,0,0,0,0,325000.0
3,2021,coop,1m2m,341,0,0,0,0,0,0,1362500.0
3,2021,coop,2m6m,76,0,0,0,0,0,0,2700000.0
3,2021,coop,500k1m,1038,0,0,0,0,0,0,685000.0
3,2021,coop,6mplus,1,0,0,0,0,0,0,49000000.0
3,2021,coop,all,2985,0,0,0,0,0,0,490000.0
3,2021,coop,under100k,29,0,0,0,0,0,0,20000.0
3,2021,house,100k500k,396,396,385,11,0,396,189,394062.0
3,2021,house,1m2m,2579,2579,2546,33,0,2579,2177,1375000.0
3,2021,house,2m6m,938,938,906,32,0,938,678,2697500.0
3,2021,house,500k1m,3236,3236,3177,59,0,3236,2752,794500.0
3,2021,house,6mplus,60,60,49,11,0,60,22,7175000.0
3,2021,house,all,7642,7642,7479,163,0,7642,5935,990000.0
3,2021,house,under100k,433,433,416,17,0,433,117,10.0
3,2022,all,100k500k,2529,948,789,62,97,799,456,350000.0
3,2022,all,1m2m,4410,4105,3754,215,136,3799,3033,1395000.0
3,2022,all,2m6m,1722,1664,1453,139,72,1498,1068,2650000.0
3,2022,all,500k1m,5748,4920,4272,425,223,4319,3510,766871.0
3,2022,all,6mplus,237,86,64,22,0,65,37,17615000.0
3,2022,all,all,15175,12213,10802,882,529,10964,8188,921516.0
3,2022,all,under100k,529,490,470,19,1,484,84,10.0
3,2022,condo,100k500k,577,577,428,52,97,428,276,425000.0
3,2022,condo,1m2m,1549,1549,1243,170,136,1243,964,1390000.0
3,2022,condo,2m6m,717,717,551,94,72,551,399,2575000.0
3,2022,condo,500k1m,2251,2251,1650,378,223,1650,1316,755000.0
3,2022,condo,6mplus,33,33,12,21,0,12,6,8450000.0
3,2022,condo,all,5186,5186,3937,720,529,3937,2971,962523.0
3,2022,condo,under100k,59,59,53,5,1,53,10,10.0
3,2022,coop,100k500k,1581,0,0,0,0,0,0,317000.0
3,2022,coop,1m2m,305,0,0,0,0,0,0,1345000.0
3,2022,coop,2m6m,58,0,0,0,0,0,0,2312500.0
3,2022,coop,500k1m,828,0,0,0,0,0,0,680000.0
3,2022,coop,6mplus,151,0,0,0,0,0,0,18336313.0
3,2022,coop,all,2962,0,0,0,0,0,0,459500.0
3,2022,coop,under100k,39,0,0,0,0,0,0,15000.0
3,2022,house,100k500k,371,371,361,10,0,371,180,380000.0
3,2022,house,1m2m,2556,2556,2511,45,0,2556,2069,1400000.0
3,2022,house,2m6m,947,947,902,45,0,947,669,2700000.0
3,2022,house,500k1m,2669,2669,2622,47,0,2669,2194,800000.0
3,2022,house,6mplus,53,53,52,1,0,53,31,7300000.0
3,2022,house,all,7027,7027,6865,162,0,7027,5217,1038000.0
3,2022,house,under100k,431,431,417,14,0,431,74,10.0
3,2023,all,100k500k,1896,716,622,57,37,632,297,345000.0
3,2023,all,1m2m,3022,2823,2591,161,71,2617,1853,1400000.0
3,2023,all,2m6m,1193,1147,1019,108,20,1037,640,2602647.0
3,2023,all,500k1m,4183,3571,3190,269,112,3223,2355,760000.0
3,2023,all,6mplus,106,104,43,61,0,44,23,12100000.0
3,2023,all,all,10907,8836,7910,684,242,8016,5209,885000.0
3,2023,all,under100k,507,475,445,28,2,463,41,10.0
3,2023,condo,100k500k,397,397,313,47,37,313,173,416590.0
3,2023,condo,1m2m,959,959,753,135,71,753,468,1425000.0
3,2023,condo,2m6m,428,428,318,90,20,318,174,2557500.0
3,2023,condo,500k1m,1400,1400,1052,236,112,1052,731,748582.0
3,2023,condo,6mplus,68,68,8,60,0,8,5,19122464.0
3,2023,condo,all,3311,3311,2491,578,242,2491,1553,950000.0
3,2023,condo,under100k,59,59,47,10,2,47,2,10.0
3,2023,coop,100k500k,1180,0,0,0,0,0,0,310000.0
3,2023,coop,1m2m,199,0,0,0,0,0,0,1325520.0
3,2023,coop,2m6m,46,0,0,0,0,0,0,2387500.0
3,2023,coop,500k1m,612,0,0,0,0,0,0,680000.0
3,2023,coop,6mplus,2,0,0,0,0,0,0,12500000.0
3,2023,coop,all,2071,0,0,0,0,0,0,425000.0
3,2023,coop,under100k,32,0,0,0,0,0,0,42500.0
3,2023,house,100k500k,319,319,309,10,0,319,124,400000.0
3,2023,house,1m2m,1864,1864,1838,26,0,1864,1385,1400000.0
3,2023,house,2m6m,719,719,701,18,0,719,466,2700000.0
3,2023,house,500k1m,2171,2171,2138,33,0,2171,1624,800000.0
3,2023,house,6mplus,36,36,35,1,0,36,18,7400250.0
3,2023,house,all,5525,5525,5419,106,0,5525,3656,995000.0
3,2023,house,under100k,416,416,398,18,0,416,39,10.0
3,2024,all,100k500k,1789,699,612,63,24,617,255,350000.0
3,2024,all,1m2m,3317,3099,2829,169,101,2851,2120,1399000.0
3,2024,all,2m6m,1308,1257,1122,105,30,1166,706,2625000.0
3,2024,all,500k1m,4048,3477,3109,274,94,3155,2275,760000.0
3,2024,all,6mplus,89,86,59,27,0,71,25,6900000.0
3,2024,all,all,11106,9137,8161,723,253,8304,5412,920000.0
3,2024,all,under100k,555,519,430,85,4,444,31,10.0
3,2024,condo,100k500k,375,375,293,58,24,293,138,401000.0
3,2024,condo,1m2m,1109,1109,861,147,101,861,553,1375000.0
3,2024,condo,2m6m,450,450,359,61,30,359,180,2538641.0
3,2024,condo,500k1m,1351,1351,1029,228,94,1029,678,750000.0
3,2024,condo,6mplus,22,22,7,15,0,7,0,6000000.0
3,2024,condo,all,3444,3444,2611,580,253,2611,1553,977520.0
3,2024,condo,under100k,137,137,62,71,4,62,4,6619.0
3,2024,coop,100k500k,1090,0,0,0,0,0,0,325000.0
3,2024,coop,1m2m,218,0,0,0,0,0,0,1366515.0
3,2024,coop,2m6m,51,0,0,0,0,0,0,2350000.0
3,2024,coop,500k1m,571,0,0,0,0,0,0,679000.0
3,2024,coop,6mplus,3,0,0,0,0,0,0,62198003.0
3,2024,coop,all,1969,0,0,0,0,0,0,446500.0
3,2024,coop,under100k,36,0,0,0,0,0,0,37819.0
3,2024,house,100k500k,324,324,319,5,0,324,117,381125.0
3,2024,house,1m2m,1990,1990,1968,22,0,1990,1567,1400000.0
3,2024,house,2m6m,807,807,763,44,0,807,526,2695000.0
3,2024,house,500k1m,2126,2126,2080,46,0,2126,1597,800000.0
3,2024,house,6mplus,64,64,52,12,0,64,25,7100000.0
3,2024,house,all,5693,5693,5550,143,0,5693,3859,1020000.0
3,2024,house,under100k,382,382,368,14,0,382,27,10.0
3,2025,all,100k500k,1698,636,578,37,21,584,253,350000.0
3,2025,all,1m2m,3494,3273,3014,197,62,3043,2266,1410000.0
3,2025,all,2m6m,1723,1552,1405,109,38,1435,911,2700000.0
3,2025,all,500k1m,4049,3427,3077,274,76,3113,2227,775000.0
3,2025,all,6mplus,181,93,74,19,0,91,32,7300000.0
3,2025,all,all,11682,9487,8604,681,202,8739,5730,980000.0
3,2025,all,under100k,537,506,456,45,5,473,41,10.0
3,2025,condo,100k500k,312,312,260,31,21,260,128,412849.0
3,2025,condo,1m2m,1173,1173,943,168,62,943,592,1410000.0
3,2025,condo,2m6m,572,572,455,79,38,455,271,2595000.0
3,2025,condo,500k1m,1368,1368,1054,238,76,1054,678,755000.0
3,2025,condo,6mplus,16,16,14,2,0,14,7,7027000.0
3,2025,condo,all,3526,3526,2778,546,202,2778,1680,999999.0
3,2025,condo,under100k,85,85,52,28,5,52,4,10.0
3,2025,coop,100k500k,1062,0,0,0,0,0,0,320000.0
3,2025,coop,1m2m,221,0,0,0,0,0,0,1367500.0
3,2025,coop,2m6m,171,0,0,0,0,0,0,3017769.0
3,2025,coop,500k1m,622,0,0,0,0,0,0,690000.0
3,2025,coop,6mplus,88,0,0,0,0,0,0,13413672.0
3,2025,coop,all,2195,0,0,0,0,0,0,500000.0
3,2025,coop,under100k,31,0,0,0,0,0,0,40000.0
3,2025,house,100k500k,324,324,318,6,0,324,125,373822.5
3,2025,house,1m2m,2100,2100,2071,29,0,2100,1674,1425000.0
3,2025,house,2m6m,980,980,950,30,0,980,640,2750000.0
3,2025,house,500k1m,2059,2059,2023,36,0,2059,1549,810000.0
3,2025,house,6mplus,77,77,60,17,0,77,25,7150000.0
3,2025,house,all,5961,5961,5826,135,0,5961,4050,1100000.0
3,2025,house,under100k,421,421,404,17,0,421,37,10.0
3,all,all,100k500k,25401,12011,10621,816,574,10825,6168,350000.0
3,all,all,1m2m,32850,30608,28051,1697,860,28317,21743,1370000.0
3,all,all,2m6m,11683,11132,9887,924,321,10175,6760,2625000.0
3,all,all,500k1m,52144,45298,39855,3734,1709,40313,31353,750000.0
3,all,all,6mplus,1234,880,397,483,0,479,198,13413672.0
3,all,all,all,128476,104698,93223,7982,3493,94680,66933,825000.0
3,all,all,under100k,5164,4769,4412,328,29,4571,711,10.0
3,all,condo,100k500k,5079,5079,3893,612,574,3893,2344,405000.0
3,all,condo,1m2m,11020,11020,8729,1431,860,8729,6330,1375000.0
3,all,condo,2m6m,4039,4039,3082,636,321,3082,1986,2570000.0
3,all,condo,500k1m,18219,18219,13234,3276,1709,13234,10013,748413.0
3,all,condo,6mplus,476,476,75,401,0,75,35,29620207.0
3,all,condo,all,39514,39514,29496,6525,3493,29496,20799,890000.0
3,all,condo,under100k,681,681,483,169,29,483,91,10.0
3,all,coop,100k500k,13390,0,0,0,0,0,0,307837.5
3,all,coop,1m2m,2242,0,0,0,0,0,0,1325000.0
3,all,coop,2m6m,551,0,0,0,0,0,0,2563000.0
3,all,coop,500k1m,6846,0,0,0,0,0,0,676400.0
3,all,coop,6mplus,354,0,0,0,0,0,0,17615000.0
3,all,coop,all,23778,0,0,0,0,0,0,430000.0
3,all,coop,under100k,395,0,0,0,0,0,0,40000.0
3,all,house,100k500k,6932,6932,6728,204,0,6932,3824,381206.5
3,all,house,1m2m,19588,19588,19322,266,0,19588,15413,1370000.0
3,all,house,2m6m,7093,7093,6805,288,0,7093,4774,2650000.0
3,all,house,500k1m,27079,27079,26621,458,0,27079,21340,770000.0
3,all,house,6mplus,404,404,322,82,0,404,163,7275000.0
3,all,house,all,65184,65184,63727,1457,0,65184,46134,925000.0
3,all,house,under100k,4088,4088,3929,159,0,4088,620,10.0
4,2016,all,100k500k,9023,4583,4240,288,55,4335,2699,291000.0
4,2016,all,1m2m,1025,1010,928,72,10,958,670,1240000.0
4,2016,all,2m6m,66,61,52,9,0,57,31,2400000.0
4,2016,all,500k1m,6265,5994,5703,220,71,5804,4352,700000.0
4,2016,all,6mplus,3,3,0,3,0,2,0,7750000.0
4,2016,all,all,17020,12160,11376,646,138,11652,7845,448000.0
4,2016,all,under100k,638,509,453,54,2,496,93,1000.0
4,2016,condo,100k500k,870,870,622,193,55,622,255,380000.0
4,2016,condo,1m2m,152,152,100,42,10,100,76,1256315.0
4,2016,condo,2m6m,8,8,4,4,0,4,3,2386261.0
4,2016,condo,500k1m,714,714,524,119,71,524,282,630000.0
4,2016,condo,6mplus,1,1,0,1,0,0,0,10658812.0
4,2016,condo,all,1786,1786,1278,370,138,1278,621,497400.0
4,2016,condo,under100k,41,41,28,11,2,28,5,100.0
4,2016,coop,100k500k,4440,0,0,0,0,0,0,230000.0
4,2016,coop,1m2m,15,0,0,0,0,0,0,1100000.0
4,2016,coop,2m6m,5,0,0,0,0,0,0,5418097.0
4,2016,coop,500k1m,271,0,0,0,0,0,0,625000.0
4,2016,coop,all,4860,0,0,0,0,0,0,235000.0
4,2016,coop,under100k,129,0,0,0,0,0,0,74000.0
4,2016,house,100k500k,3713,3713,3618,95,0,3713,2444,375000.0
4,2016,house,1m2m,858,858,828,30,0,858,594,1240000.0
4,2016,house,2m6m,53,53,48,5,0,53,28,2399999.0
4,2016,house,500k1m,5280,5280,5179,101,0,5280,4070,712775.0
4,2016,house,6mplus,2,2,0,2,0,2,0,6875000.0
4,2016,house,all,10374,10374,10098,276,0,10374,7224,588375.0
4,2016,house,under100k,468,468,425,43,0,468,88,100.0
4,2017,all,100k500k,8335,4160,3805,308,47,3913,2374,310000.0
4,2017,all,1m2m,1648,1641,1394,159,88,1432,1000,1235000.0
4,2017,all,2m6m,83,75,61,14,0,67,37,2400000.0
4,2017,all,500k1m,7363,7022,6403,380,239,6519,5033,710000.0
4,2017,all,6mplus,6,2,1,1,0,1,0,7181042.0
4,2017,all,all,18000,13376,12100,898,378,12397,8505,500000.0
4,2017,all,under100k,565,476,436,36,4,465,61,500.0
4,2017,condo,100k500k,796,796,549,200,47,549,249,390390.0
4,2017,condo,1m2m,367,367,158,121,88,158,78,1209414.0
4,2017,condo,2m6m,17,17,9,8,0,9,5,2400000.0
4,2017,condo,500k1m,1258,1258,755,264,239,755,402,685000.0
4,2017,condo,6mplus,1,1,0,1,0,0,0,25000000.0
4,2017,condo,all,2478,2478,1499,601,378,1499,735,619460.0
4,2017,condo,under100k,39,39,28,7,4,28,1,10.0
4,2017,coop,100k500k,4175,0,0,0,0,0,0,255000.0
4,2017,coop,1m2m,7,0,0,0,0,0,0,1100000.0
4,2017,coop,2m6m,8,0,0,0,0,0,0,3400000.0
4,2017,coop,500k1m,341,0,0,0,0,0,0,591500.0
4,2017,coop,6mplus,4,0,0,0,0,0,0,6831042.0
4,2017,coop,all,4624,0,0,0,0,0,0,260299.0
4,2017,coop,under100k,89,0,0,0,0,0,0,77950.0
4,2017,house,100k500k,3364,3364,3256,108,0,3364,2125,385000.0
4,2017,house,1m2m,1274,1274,1236,38,0,1274,922,1250000.0
4,2017,house,2m6m,58,58,52,6,0,58,32,2400000.0
4,2017,house,500k1m,5764,5764,5648,116,0,5764,4631,724000.0
4,2017,house,6mplus,1,1,1,0,0,1,0,6800000.0
4,2017,house,all,10898,10898,10601,297,0,10898,7770,620000.0
4,2017,house,under100k,437,437,408,29,0,437,60,20.0
4,2018,all,100k500k,7230,3341,3078,232,31,3174,1900,322500.0
4,2018,all,1m2m,1680,1669,1528,136,5,1569,1154,1253723.5
4,2018,all,2m6m,102,97,77,19,1,85,48,2316271.5
4,2018,all,500k1m,7419,7040,6538,361,141,6659,5286,710000.0
4,2018,all,6mplus,7,3,0,3,0,2,0,6700000.0
4,2018,all,all,16947,12589,11609,801,179,11918,8456,535000.0
4,2018,all,under100k,509,439,388,50,1,429,68,100.0
4,2018,condo,100k500k,603,603,436,136,31,436,228,402000.0
4,2018,condo,1m2m,213,213,113,95,5,113,81,1286292.0
4,2018,condo,2m6m,20,20,8,11,1,8,5,2283800.5
4,2018,condo,500k1m,1111,1111,730,240,141,730,473,673063.0
4,2018,condo,6mplus,1,1,0,1,0,0,0,9800000.0
4,2018,condo,all,1975,1975,1304,492,179,1304,787,603000.0
4,2018,condo,under100k,27,27,17,9,1,17,0,10.0
4,2018,coop,100k500k,3889,0,0,0,0,0,0,278000.0
4,2018,coop,1m2m,11,0,0,0,0,0,0,1220000.0
4,2018,coop,2m6m,5,0,0,0,0,0,0,3500000.0
4,2018,coop,500k1m,379,0,0,0,0,0,0,596293.0
4,2018,coop,6mplus,4,0,0,0,0,0,0,6700000.0
4,2018,coop,all,4358,0,0,0,0,0,0,287815.0
4,2018,coop,under100k,70,0,0,0,0,0,0,54521.0
4,2018,house,100k500k,2738,2738,2642,96,0,2738,1672,395000.0
4,2018,house,1m2m,1456,1456,1415,41,0,1456,1073,1250000.0
4,2018,house,2m6m,77,77,69,8,0,77,43,2300000.0
4,2018,house,500k1m,5929,5929,5808,121,0,5929,4813,729000.0
4,2018,house,6mplus,2,2,0,2,0,2,0,7000000.0
4,2018,house,all,10614,10614,10305,309,0,10614,7669,660000.0
4,2018,house,under100k,412,412,371,41,0,412,68,10.0
4,2019,all,100k500k,6269,2785,2533,223,29,2625,1522,326000.0
4,2019,all,1m2m,1583,1565,1404,123,38,1455,1090,1255000.0
4,2019,all,2m6m,164,103,85,16,2,96,54,2495000.0
4,2019,all,500k1m,7277,6837,6493,230,114,6596,5373,710000.0
4,2019,all,6mplus,156,33,0,33,0,33,1,8174700.0
4,2019,all,all,15960,11797,10965,649,183,11269,8088,560000.0
4,2019,all,under100k,511,474,450,24,0,464,48,10.0
4,2019,condo,100k500k,548,548,388,131,29,388,208,395000.0
4,2019,condo,1m2m,250,250,140,72,38,140,92,1303376.5
4,2019,condo,2m6m,21,21,14,5,2,14,8,2345225.0
4,2019,condo,500k1m,897,897,656,127,114,656,430,662881.0
4,2019,condo,all,1752,1752,1224,345,183,1224,740,609000.0
4,2019,condo,under100k,36,36,26,10,0,26,2,10.0
4,2019,coop,100k500k,3484,0,0,0,0,0,0,290000.0
4,2019,coop,1m2m,18,0,0,0,0,0,0,1200000.0
4,2019,coop,2m6m,61,0,0,0,0,0,0,3736765.0
4,2019,coop,500k1m,440,0,0,0,0,0,0,601473.5
4,2019,coop,6mplus,123,0,0,0,0,0,0,8174700.0
4,2019,coop,all,4163,0,0,0,0,0,0,308310.0
4,2019,coop,under100k,37,0,0,0,0,0,0,52000.0
4,2019,house,100k500k,2237,2237,2145,92,0,2237,1314,400000.0
4,2019,house,1m2m,1315,1315,1264,51,0,1315,998,1250000.0
4,2019,house,2m6m,82,82,71,11,0,82,46,2387500.0
4,2019,house,500k1m,5940,5940,5837,103,0,5940,4943,725000.0
4,2019,house,6mplus,33,33,0,33,0,33,1,33000000.0
4,2019,house,all,10045,10045,9741,304,0,10045,7348,670000.0
4,2019,house,under100k,438,438,424,14,0,438,46,10.0
4,2020,all,100k500k,4337,1748,1535,172,41,1597,888,330000.0
4,2020,all,1m2m,1354,1321,1222,69,30,1244,1005,1270000.0
4,2020,all,2m6m,113,85,50,32,3,54,33,2469000.0
4,2020,all,500k1m,6173,5832,5458,235,139,5556,4665,720000.0
4,2020,all,6mplus,67,67,0,67,0,13,0,27818354.0
4,2020,all,all,12535,9500,8690,597,213,8909,6650,600000.0
4,2020,all,under100k,491,447,425,22,0,445,59,10.0
4,2020,condo,100k500k,493,493,342,110,41,342,198,400000.0
4,2020,condo,1m2m,218,218,141,47,30,141,106,1280000.0
4,2020,condo,2m6m,37,37,6,28,3,6,5,2291673.0
4,2020,condo,500k1m,904,904,628,137,139,628,425,690000.0
4,2020,condo,6mplus,54,54,0,54,0,0,0,27818354.0
4,2020,condo,all,1724,1724,1133,378,213,1133,735,645311.0
4,2020,condo,under100k,18,18,16,2,0,16,1,10.0
4,2020,coop,100k500k,2589,0,0,0,0,0,0,295000.0
4,2020,coop,1m2m,33,0,0,0,0,0,0,1230000.0
4,2020,coop,2m6m,28,0,0,0,0,0,0,2538497.0
4,2020,coop,500k1m,341,0,0,0,0,0,0,615000.0
4,2020,coop,all,3035,0,0,0,0,0,0,310000.0
4,2020,coop,under100k,44,0,0,0,0,0,0,55000.0
4,2020,house,100k500k,1255,1255,1193,62,0,1255,690,400000.0
4,2020,house,1m2m,1103,1103,1081,22,0,1103,899,1270000.0
4,2020,house,2m6m,48,48,44,4,0,48,28,2474500.0
4,2020,house,500k1m,4928,4928,4830,98,0,4928,4240,730000.0
4,2020,house,6mplus,13,13,0,13,0,13,0,13950000.0
4,2020,house,all,7776,7776,7557,219,0,7776,5915,700000.0
4,2020,house,under100k,429,429,409,20,0,429,58,10.0
4,2021,all,100k500k,5838,1801,1553,181,67,1608,867,325000.0
4,2021,all,1m2m,2662,2635,2321,145,169,2384,1972,1270000.0
4,2021,all,2m6m,142,128,98,28,2,110,67,2255000.0
4,2021,all,500k1m,9141,8675,7921,431,323,8080,6869,740000.0
4,2021,all,6mplus,110,62,1,61,0,1,1,22020000.0
4,2021,all,all,18478,13841,12395,883,563,12706,9871,650000.0
4,2021,all,under100k,585,540,501,37,2,523,95,10.0
4,2021,condo,100k500k,722,722,529,126,67,529,302,420000.0
4,2021,condo,1m2m,510,510,259,82,169,259,194,1324362.5
4,2021,condo,2m6m,36,36,18,16,2,18,8,2250000.0
4,2021,condo,500k1m,1678,1678,1083,272,323,1083,811,687319.0
4,2021,condo,6mplus,61,61,0,61,0,0,0,22020000.0
4,2021,condo,all,3043,3043,1908,572,563,1908,1316,670000.0
4,2021,condo,under100k,36,36,19,15,2,19,1,10.0
4,2021,coop,100k500k,4037,0,0,0,0,0,0,300000.0
4,2021,coop,1m2m,27,0,0,0,0,0,0,1454900.0
4,2021,coop,2m6m,14,0,0,0,0,0,0,2025000.0
4,2021,coop,500k1m,466,0,0,0,0,0,0,600000.0
4,2021,coop,6mplus,48,0,0,0,0,0,0,15167430.0
4,2021,coop,all,4637,0,0,0,0,0,0,315000.0
4,2021,coop,under100k,45,0,0,0,0,0,0,44000.0
4,2021,house,100k500k,1079,1079,1024,55,0,1079,565,400000.0
4,2021,house,1m2m,2125,2125,2062,63,0,2125,1778,1255000.0
4,2021,house,2m6m,92,92,80,12,0,92,59,2302500.0
4,2021,house,500k1m,6997,6997,6838,159,0,6997,6058,765000.0
4,2021,house,6mplus,1,1,1,0,0,1,1,6600000.0
4,2021,house,all,10798,10798,10487,311,0,10798,8555,788000.0
4,2021,house,under100k,504,504,482,22,0,504,94,10.0
4,2022,all,100k500k,5556,1478,1275,134,69,1302,699,325000.0
4,2022,all,1m2m,3050,3018,2846,102,70,2905,2387,1278250.0
4,2022,all,2m6m,209,209,158,47,4,183,109,2325000.0
4,2022,all,500k1m,8015,7532,6834,441,257,6943,5669,746000.0
4,2022,all,6mplus,211,132,0,132,0,2,1,161342986.0
4,2022,all,all,17591,12880,11606,874,400,11837,8942,670000.0
4,2022,all,under100k,550,511,493,18,0,502,77,10.0
4,2022,condo,100k500k,699,699,523,107,69,523,304,426772.0
4,2022,condo,1m2m,349,349,236,43,70,236,175,1314832.0
4,2022,condo,2m6m,52,52,26,22,4,26,21,2386808.5
4,2022,condo,500k1m,1632,1632,1043,332,257,1043,729,660000.0
4,2022,condo,6mplus,130,130,0,130,0,0,0,161342986.0
4,2022,condo,all,2892,2892,1849,643,400,1849,1232,635000.0
4,2022,condo,under100k,30,30,21,9,0,21,3,10.0
4,2022,coop,100k500k,4078,0,0,0,0,0,0,303000.0
4,2022,coop,1m2m,32,0,0,0,0,0,0,1250000.0
4,2022,coop,500k1m,483,0,0,0,0,0,0,610000.0
4,2022,coop,6mplus,79,0,0,0,0,0,0,8158398.0
4,2022,coop,all,4711,0,0,0,0,0,0,320000.0
4,2022,coop,under100k,39,0,0,0,0,0,0,100.0
4,2022,house,100k500k,779,779,752,27,0,779,395,399000.0
4,2022,house,1m2m,2669,2669,2610,59,0,2669,2212,1270000.0
4,2022,house,2m6m,157,157,132,25,0,157,88,2300000.0
4,2022,house,500k1m,5900,5900,5791,109,0,5900,4940,784500.0
4,2022,house,6mplus,2,2,0,2,0,2,1,6000000.0
4,2022,house,all,9988,9988,9757,231,0,9988,7710,850000.0
4,2022,house,under100k,481,481,472,9,0,481,74,10.0
4,2023,all,100k500k,4597,1267,1123,109,35,1149,479,320000.0
4,2023,all,1m2m,2312,2237,2051,126,60,2093,1548,1260000.0
4,2023,all,2m6m,148,118,104,14,0,114,61,2561358.0
4,2023,all,500k1m,6148,5797,5297,321,179,5396,4073,740000.0
4,2023,all,6mplus,110,70,1,69,0,2,1,14000000.0
4,2023,all,all,13875,9999,9048,676,275,9257,6195,650000.0
4,2023,all,under100k,560,510,472,37,1,503,33,10.0
4,2023,condo,100k500k,508,508,390,83,35,390,190,410000.0
4,2023,condo,1m2m,384,384,240,84,60,240,124,1270000.0
4,2023,condo,2m6m,30,30,26,4,0,26,12,2431854.0
4,2023,condo,500k1m,1210,1210,809,222,179,809,475,682228.0
4,2023,condo,6mplus,68,68,0,68,0,0,0,37500000.0
4,2023,condo,all,2233,2233,1491,467,275,1491,802,675000.0
4,2023,condo,under100k,33,33,26,6,1,26,1,10.0
4,2023,coop,100k500k,3330,0,0,0,0,0,0,300000.0
4,2023,coop,1m2m,75,0,0,0,0,0,0,1675562.0
4,2023,coop,2m6m,30,0,0,0,0,0,0,2740780.5
4,2023,coop,500k1m,351,0,0,0,0,0,0,585000.0
4,2023,coop,6mplus,40,0,0,0,0,0,0,8152713.0
4,2023,coop,all,3876,0,0,0,0,0,0,315000.0
4,2023,coop,under100k,50,0,0,0,0,0,0,23918.0
4,2023,house,100k500k,759,759,733,26,0,759,289,400000.0
4,2023,house,1m2m,1853,1853,1811,42,0,1853,1424,1250000.0
4,2023,house,2m6m,88,88,78,10,0,88,49,2425000.0
4,2023,house,500k1m,4587,4587,4488,99,0,4587,3598,768000.0
4,2023,house,6mplus,2,2,1,1,0,2,1,9400000.0
4,2023,house,all,7766,7766,7557,209,0,7766,5393,805000.0
4,2023,house,under100k,477,477,446,31,0,477,32,10.0
4,2024,all,100k500k,4527,1293,1091,147,55,1117,436,330000.0
4,2024,all,1m2m,2491,2419,2268,103,48,2320,1737,1275000.0
4,2024,all,2m6m,152,136,115,21,0,124,66,2446451.0
4,2024,all,500k1m,6349,5949,5412,428,109,5532,4141,750000.0
4,2024,all,6mplus,131,131,0,131,0,1,0,15650313.0
4,2024,all,all,14221,10437,9359,864,214,9595,6408,663999.0
4,2024,all,under100k,571,509,473,34,2,501,28,10.0
4,2024,condo,100k500k,595,595,419,121,55,419,178,420000.0
4,2024,condo,1m2m,278,278,179,51,48,179,89,1299134.5
4,2024,condo,2m6m,34,34,22,12,0,22,8,2350000.0
4,2024,condo,500k1m,1311,1311,894,308,109,894,547,676800.0
4,2024,condo,6mplus,130,130,0,130,0,0,0,15650313.0
4,2024,condo,all,2374,2374,1532,628,214,1532,822,650000.0
4,2024,condo,under100k,26,26,18,6,2,18,0,10.0
4,2024,coop,100k500k,3234,0,0,0,0,0,0,303000.0
4,2024,coop,1m2m,72,0,0,0,0,0,0,1279153.5
4,2024,coop,2m6m,16,0,0,0,0,0,0,2618175.0
4,2024,coop,500k1m,400,0,0,0,0,0,0,595000.0
4,2024,coop,all,3784,0,0,0,0,0,0,320000.0
4,2024,coop,under100k,62,0,0,0,0,0,0,30000.0
4,2024,house,100k500k,698,698,672,26,0,698,258,400000.0
4,2024,house,1m2m,2141,2141,2089,52,0,2141,1648,1270000.0
4,2024,house,2m6m,102,102,93,9,0,102,58,2395425.5
4,2024,house,500k1m,4638,4638,4518,120,0,4638,3594,789000.0
4,2024,house,6mplus,1,1,0,1,0,1,0,14000000.0
4,2024,house,all,8063,8063,7827,236,0,8063,5586,840000.0
4,2024,house,under100k,483,483,455,28,0,483,28,10.0
4,2025,all,100k500k,4405,1214,1034,107,73,1053,450,335000.0
4,2025,all,1m2m,2933,2910,2754,124,32,2810,2144,1295000.0
4,2025,all,2m6m,233,209,176,33,0,200,118,2390000.0
4,2025,all,500k1m,6418,5980,5374,441,165,5462,4047,760000.0
4,2025,all,6mplus,186,41,3,38,0,5,0,19405109.0
4,2025,all,all,14829,10957,9913,772,272,10117,6808,700000.0
4,2025,all,under100k,654,603,572,29,2,587,49,10.0
4,2025,condo,100k500k,589,589,428,88,73,428,223,413000.0
4,2025,condo,1m2m,299,299,199,68,32,199,101,1315000.0
4,2025,condo,2m6m,27,27,18,9,0,18,6,2386750.0
4,2025,condo,500k1m,1526,1526,1008,353,165,1008,593,680000.0
4,2025,condo,6mplus,36,36,0,36,0,0,0,6000000.0
4,2025,condo,all,2522,2522,1682,568,272,1682,924,647532.5
4,2025,condo,under100k,45,45,29,14,2,29,1,10.0
4,2025,coop,100k500k,3191,0,0,0,0,0,0,315000.0
4,2025,coop,1m2m,23,0,0,0,0,0,0,1107284.0
4,2025,coop,2m6m,24,0,0,0,0,0,0,2935000.0
4,2025,coop,500k1m,438,0,0,0,0,0,0,617500.0
4,2025,coop,6mplus,145,0,0,0,0,0,0,19405109.0
4,2025,coop,all,3872,0,0,0,0,0,0,335000.0
4,2025,coop,under100k,51,0,0,0,0,0,0,26700.0
4,2025,house,100k500k,625,625,606,19,0,625,227,400000.0
4,2025,house,1m2m,2611,2611,2555,56,0,2611,2043,1295000.0
4,2025,house,2m6m,182,182,158,24,0,182,112,2300000.0
4,2025,house,500k1m,4454,4454,4366,88,0,4454,3454,800000.0
4,2025,house,6mplus,5,5,3,2,0,5,0,7625000.0
4,2025,house,all,8435,8435,8231,204,0,8435,5884,875000.0
4,2025,house,under100k,558,558,543,15,0,558,48,10.0
4,all,all,100k500k,60117,23670,21267,1901,502,21873,12314,320000.0
4,all,all,1m2m,20738,20425,18716,1159,550,19170,14707,1267721.0
4,all,all,2m6m,1412,1221,976,233,12,1090,624,2398000.0
4,all,all,500k1m,70568,66658,61433,3488,1737,62547,49508,730000.0
4,all,all,6mplus,987,544,6,538,0,62,4,15650313.0
4,all,all,all,159456,117536,107061,7660,2815,109657,77768,590585.0
4,all,all,under100k,5634,5018,4663,341,14,4915,611,10.0
4,all,condo,100k500k,6423,6423,4626,1295,502,4626,2335,405600.0
4,all,condo,1m2m,3020,3020,1765,705,550,1765,1116,1289043.0
4,all,condo,2m6m,282,282,151,119,12,151,81,2344475.5
4,all,condo,500k1m,12241,12241,8130,2374,1737,8130,5167,675000.0
4,all,condo,6mplus,482,482,0,482,0,0,0,22020000.0
4,all,condo,all,22779,22779,14900,5064,2815,14900,8714,629167.0
4,all,condo,under100k,331,331,228,89,14,228,15,10.0
4,all,coop,100k500k,36447,0,0,0,0,0,0,285000.0
4,all,coop,1m2m,313,0,0,0,0,0,0,1265000.0
4,all,coop,2m6m,191,0,0,0,0,0,0,2618175.0
4,all,coop,500k1m,3910,0,0,0,0,0,0,600000.0
4,all,coop,6mplus,443,0,0,0,0,0,0,8862511.0
4,all,coop,all,41920,0,0,0,0,0,0,300000.0
4,all,coop,under100k,616,0,0,0,0,0,0,52000.0
4,all,house,100k500k,17247,17247,16641,606,0,17247,9979,390000.0
4,all,house,1m2m,17405,17405,16951,454,0,17405,13591,1260000.0
4,all,house,2m6m,939,939,825,114,0,939,543,2350000.0
4,all,house,500k1m,54417,54417,53303,1114,0,54417,44341,750000.0
4,all,house,6mplus,62,62,6,56,0,62,4,16950000.0
4,all,house,all,94757,94757,92161,2596,0,94757,69054,738000.0
4,all,house,under100k,4687,4687,4435,252,0,4687,596,10.0
5,2016,all,100k500k,3542,0,0,0,0,0,0,360935.5
5,2016,all,1m2m,84,0,0,0,0,0,0,1200000.0
5,2016,all,2m6m,8,0,0,0,0,0,0,2395000.0
5,2016,all,500k1m,1849,0,0,0,0,0,0,620000.0
5,2016,all,all,5739,0,0,0,0,0,0,428000.0
5,2016,all,under100k,256,0,0,0,0,0,0,500.0
5,2016,condo,100k500k,524,0,0,0,0,0,0,277418.0
5,2016,condo,1m2m,1,0,0,0,0,0,0,1069162.0
5,2016,condo,500k1m,19,0,0,0,0,0,0,539000.0
5,2016,condo,all,566,0,0,0,0,0,0,276500.0
5,2016,condo,under100k,22,0,0,0,0,0,0,18143.0
5,2016,coop,100k500k,113,0,0,0,0,0,0,140000.0
5,2016,coop,all,130,0,0,0,0,0,0,135000.0
5,2016,coop,under100k,17,0,0,0,0,0,0,84250.0
5,2016,house,100k500k,2905,0,0,0,0,0,0,385000.0
5,2016,house,1m2m,83,0,0,0,0,0,0,1200000.0
5,2016,house,2m6m,8,0,0,0,0,0,0,2395000.0
5,2016,house,500k1m,1830,0,0,0,0,0,0,620000.0
5,2016,house,all,5043,0,0,0,0,0,0,454000.0
5,2016,house,under100k,217,0,0,0,0,0,0,10.0
5,2017,all,100k500k,3242,0,0,0,0,0,0,371000.0
5,2017,all,1m2m,122,0,0,0,0,0,0,1181750.0
5,2017,all,2m6m,4,0,0,0,0,0,0,2350000.0
5,2017,all,500k1m,2649,0,0,0,0,0,0,623000.0
5,2017,all,6mplus,2,0,0,0,0,0,0,10200000.0
5,2017,all,all,6293,0,0,0,0,0,0,475000.0
5,2017,all,under100k,274,0,0,0,0,0,0,100.0
5,2017,condo,100k500k,601,0,0,0,0,0,0,308000.0
5,2017,condo,500k1m,34,0,0,0,0,0,0,569501.0
5,2017,condo,6mplus,1,0,0,0,0,0,0,8500000.0
5,2017,condo,all,668,0,0,0,0,0,0,309234.5
5,2017,condo,under100k,32,0,0,0,0,0,0,505.0
5,2017,coop,100k500k,87,0,0,0,0,0,0,182000.0
5,2017,coop,500k1m,3,0,0,0,0,0,0,525000.0
5,2017,coop,all,97,0,0,0,0,0,0,180000.0
5,2017,coop,under100k,7,0,0,0,0,0,0,85000.0
5,2017,house,100k500k,2554,0,0,0,0,0,0,395000.0
5,2017,house,1m2m,122,0,0,0,0,0,0,1181750.0
5,2017,house,2m6m,4,0,0,0,0,0,0,2350000.0
5,2017,house,500k1m,2612,0,0,0,0,0,0,625000.0
5,2017,house,6mplus,1,0,0,0,0,0,0,11900000.0
5,2017,house,all,5528,0,0,0,0,0,0,499900.0
5,2017,house,under100k,235,0,0,0,0,0,0,100.0
5,2018,all,100k500k,2568,0,0,0,0,0,0,370000.0
5,2018,all,1m2m,147,0,0,0,0,0,0,1200533.0
5,2018,all,2m6m,12,0,0,0,0,0,0,2425000.0
5,2018,all,500k1m,3050,0,0,0,0,0,0,635000.0
5,2018,all,all,6035,0,0,0,0,0,0,519000.0
5,2018,all,under100k,258,0,0,0,0,0,0,100.0
5,2018,condo,100k500k,538,0,0,0,0,0,0,320000.0
5,2018,condo,1m2m,3,0,0,0,0,0,0,1300000.0
5,2018,condo,500k1m,43,0,0,0,0,0,0,595000.0
5,2018,condo,all,619,0,0,0,0,0,0,325000.0
5,2018,condo,under100k,35,0,0,0,0,0,0,1000.0
5,2018,coop,100k500k,86,0,0,0,0,0,0,207500.0
5,2018,coop,500k1m,1,0,0,0,0,0,0,525000.0
5,2018,coop,all,92,0,0,0,0,0,0,186750.0
5,2018,coop,under100k,5,0,0,0,0,0,0,40000.0
5,2018,house,100k500k,1944,0,0,0,0,0,0,390000.0
5,2018,house,1m2m,144,0,0,0,0,0,0,1200266.5
5,2018,house,2m6m,12,0,0,0,0,0,0,2425000.0
5,2018,house,500k1m,3006,0,0,0,0,0,0,638027.5
5,2018,house,all,5324,0,0,0,0,0,0,545000.0
5,2018,house,under100k,218,0,0,0,0,0,0,100.0
5,2019,all,100k500k,2097,0,0,0,0,0,0,385000.0
5,2019,all,1m2m,175,0,0,0,0,0,0,1170988.0
5,2019,all,2m6m,6,0,0,0,0,0,0,2500000.0
5,2019,all,500k1m,2664,0,0,0,0,0,0,630000.0
5,2019,all,6mplus,1,0,0,0,0,0,0,14300000.0
5,2019,all,all,5132,0,0,0,0,0,0,525000.0
5,2019,all,under100k,189,0,0,0,0,0,0,100.0
5,2019,condo,100k500k,459,0,0,0,0,0,0,335000.0
5,2019,condo,1m2m,7,0,0,0,0,0,0,1025000.0
5,2019,condo,500k1m,31,0,0,0,0,0,0,565000.0
5,2019,condo,all,515,0,0,0,0,0,0,340000.0
5,2019,condo,under100k,18,0,0,0,0,0,0,10.0
5,2019,coop,100k500k,75,0,0,0,0,0,0,205000.0
5,2019,coop,500k1m,2,0,0,0,0,0,0,542500.0
5,2019,coop,all,80,0,0,0,0,0,0,205000.0
5,2019,coop,under100k,3,0,0,0,0,0,0,60000.0
5,2019,house,100k500k,1563,0,0,0,0,0,0,405000.0
5,2019,house,1m2m,168,0,0,0,0,0,0,1178085.0
5,2019,house,2m6m,6,0,0,0,0,0,0,2500000.0
5,2019,house,500k1m,2631,0,0,0,0,0,0,630000.0
5,2019,house,6mplus,1,0,0,0,0,0,0,14300000.0
5,2019,house,all,4537,0,0,0,0,0,0,550000.0
5,2019,house,under100k,168,0,0,0,0,0,0,100.0
5,2020,all,100k500k,1822,0,0,0,0,0,0,400000.0
5,2020,all,1m2m,180,0,0,0,0,0,0,1189500.0
5,2020,all,2m6m,8,0,0,0,0,0,0,2700000.0
5,2020,all,500k1m,2678,0,0,0,0,0,0,643250.0
5,2020,all,all,4770,0,0,0,0,0,0,550000.0
5,2020,all,under100k,82,0,0,0,0,0,0,500.0
5,2020,condo,100k500k,411,0,0,0,0,0,0,365000.0
5,2020,condo,1m2m,1,0,0,0,0,0,0,1200000.0
5,2020,condo,500k1m,27,0,0,0,0,0,0,590000.0
5,2020,condo,all,442,0,0,0,0,0,0,375000.0
5,2020,condo,under100k,3,0,0,0,0,0,0,59372.0
5,2020,coop,100k500k,60,0,0,0,0,0,0,229500.0
5,2020,coop,500k1m,3,0,0,0,0,0,0,610000.0
5,2020,coop,all,66,0,0,0,0,0,0,229500.0
5,2020,coop,under100k,3,0,0,0,0,0,0,65000.0
5,2020,house,100k500k,1351,0,0,0,0,0,0,413100.0
5,2020,house,1m2m,179,0,0,0,0,0,0,1189000.0
5,2020,house,2m6m,8,0,0,0,0,0,0,2700000.0
5,2020,house,500k1m,2648,0,0,0,0,0,0,644950.0
5,2020,house,all,4262,0,0,0,0,0,0,575000.0
5,2020,house,under100k,76,0,0,0,0,0,0,500.0
5,2021,all,100k500k,2008,0,0,0,0,0,0,400000.0
5,2021,all,1m2m,340,0,0,0,0,0,0,1214500.0
5,2021,all,2m6m,73,0,0,0,0,0,0,2571429.0
5,2021,all,500k1m,4167,0,0,0,0,0,0,655000.0
5,2021,all,6mplus,8,0,0,0,0,0,0,17000000.0
5,2021,all,all,6696,0,0,0,0,0,0,598944.0
5,2021,all,under100k,100,0,0,0,0,0,0,10.0
5,2021,condo,100k500k,560,0,0,0,0,0,0,363250.0
5,2021,condo,1m2m,4,0,0,0,0,0,0,1517500.0
5,2021,condo,2m6m,51,0,0,0,0,0,0,3000000.0
5,2021,condo,500k1m,101,0,0,0,0,0,0,555000.0
5,2021,condo,all,723,0,0,0,0,0,0,385000.0
5,2021,condo,under100k,7,0,0,0,0,0,0,10.0
5,2021,coop,100k500k,105,0,0,0,0,0,0,220000.0
5,2021,coop,all,106,0,0,0,0,0,0,219500.0
5,2021,coop,under100k,1,0,0,0,0,0,0,90000.0
5,2021,house,100k500k,1343,0,0,0,0,0,0,420000.0
5,2021,house,1m2m,336,0,0,0,0,0,0,1214500.0
5,2021,house,2m6m,22,0,0,0,0,0,0,2312500.0
5,2021,house,500k1m,4066,0,0,0,0,0,0,660000.0
5,2021,house,6mplus,8,0,0,0,0,0,0,17000000.0
5,2021,house,all,5867,0,0,0,0,0,0,620000.0
5,2021,house,under100k,92,0,0,0,0,0,0,10.0
5,2022,all,100k500k,1443,0,0,0,0,0,0,390000.0
5,2022,all,1m2m,481,0,0,0,0,0,0,1221900.0
5,2022,all,2m6m,19,0,0,0,0,0,0,2475000.0
5,2022,all,500k1m,3595,0,0,0,0,0,0,685000.0
5,2022,all,all,5641,0,0,0,0,0,0,637000.0
5,2022,all,under100k,103,0,0,0,0,0,0,10.0
5,2022,condo,100k500k,451,0,0,0,0,0,0,370000.0
5,2022,condo,1m2m,1,0,0,0,0,0,0,1425000.0
5,2022,condo,500k1m,110,0,0,0,0,0,0,566500.0
5,2022,condo,all,575,0,0,0,0,0,0,404000.0
5,2022,condo,under100k,13,0,0,0,0,0,0,10.0
5,2022,coop,100k500k,115,0,0,0,0,0,0,237000.0
5,2022,coop,500k1m,2,0,0,0,0,0,0,585000.0
5,2022,coop,all,120,0,0,0,0,0,0,236000.0
5,2022,coop,under100k,3,0,0,0,0,0,0,10.0
5,2022,house,100k500k,877,0,0,0,0,0,0,410209.0
5,2022,house,1m2m,480,0,0,0,0,0,0,1221289.5
5,2022,house,2m6m,19,0,0,0,0,0,0,2475000.0
5,2022,house,500k1m,3483,0,0,0,0,0,0,690000.0
5,2022,house,all,4946,0,0,0,0,0,0,669000.0
5,2022,house,under100k,87,0,0,0,0,0,0,10.0
5,2023,all,100k500k,1076,0,0,0,0,0,0,387750.0
5,2023,all,1m2m,378,0,0,0,0,0,0,1248750.0
5,2023,all,2m6m,18,0,0,0,0,0,0,2312500.0
5,2023,all,500k1m,2658,0,0,0,0,0,0,685000.0
5,2023,all,all,4323,0,0,0,0,0,0,628000.0
5,2023,all,under100k,193,0,0,0,0,0,0,10.0
5,2023,condo,100k500k,312,0,0,0,0,0,0,370000.0
5,2023,condo,1m2m,1,0,0,0,0,0,0,1250000.0
5,2023,condo,500k1m,88,0,0,0,0,0,0,555000.0
5,2023,condo,all,413,0,0,0,0,0,0,395000.0
5,2023,condo,under100k,12,0,0,0,0,0,0,255.0
5,2023,coop,100k500k,96,0,0,0,0,0,0,220000.0
5,2023,coop,500k1m,3,0,0,0,0,0,0,575000.0
5,2023,coop,all,99,0,0,0,0,0,0,220000.0
5,2023,house,100k500k,668,0,0,0,0,0,0,412127.5
5,2023,house,1m2m,377,0,0,0,0,0,0,1247500.0
5,2023,house,2m6m,18,0,0,0,0,0,0,2312500.0
5,2023,house,500k1m,2567,0,0,0,0,0,0,690000.0
5,2023,house,all,3811,0,0,0,0,0,0,660000.0
5,2023,house,under100k,181,0,0,0,0,0,0,10.0
5,2024,all,100k500k,958,0,0,0,0,0,0,384000.0
5,2024,all,1m2m,403,0,0,0,0,0,0,1235000.0
5,2024,all,2m6m,32,0,0,0,0,0,0,2300000.0
5,2024,all,500k1m,2840,0,0,0,0,0,0,700000.0
5,2024,all,all,4418,0,0,0,0,0,0,660000.0
5,2024,all,under100k,185,0,0,0,0,0,0,10.0
5,2024,condo,100k500k,313,0,0,0,0,0,0,365000.0
5,2024,condo,500k1m,122,0,0,0,0,0,0,566982.0
5,2024,condo,all,456,0,0,0,0,0,0,415000.0
5,2024,condo,under100k,21,0,0,0,0,0,0,10.0
5,2024,coop,100k500k,96,0,0,0,0,0,0,257500.0
5,2024,coop,500k1m,2,0,0,0,0,0,0,667500.0
5,2024,coop,all,98,0,0,0,0,0,0,260000.0
5,2024,house,100k500k,549,0,0,0,0,0,0,410000.0
5,2024,house,1m2m,403,0,0,0,0,0,0,1235000.0
5,2024,house,2m6m,32,0,0,0,0,0,0,2300000.0
5,2024,house,500k1m,2716,0,0,0,0,0,0,710000.0
5,2024,house,all,3864,0,0,0,0,0,0,690000.0
5,2024,house,under100k,164,0,0,0,0,0,0,10.0
5,2025,all,100k500k,748,0,0,0,0,0,0,375000.0
5,2025,all,1m2m,546,0,0,0,0,0,0,1250000.0
5,2025,all,2m6m,45,0,0,0,0,0,0,2350000.0
5,2025,all,500k1m,2743,0,0,0,0,0,0,725000.0
5,2025,all,6mplus,1,0,0,0,0,0,0,8500000.0
5,2025,all,all,4300,0,0,0,0,0,0,700000.0
5,2025,all,under100k,217,0,0,0,0,0,0,10.0
5,2025,condo,100k500k,264,0,0,0,0,0,0,382000.0
5,2025,condo,500k1m,165,0,0,0,0,0,0,580000.0
5,2025,condo,all,449,0,0,0,0,0,0,460000.0
5,2025,condo,under100k,20,0,0,0,0,0,0,10.0
5,2025,coop,100k500k,86,0,0,0,0,0,0,244000.0
5,2025,coop,1m2m,12,0,0,0,0,0,0,1000000.0
5,2025,coop,2m6m,13,0,0,0,0,0,0,2000000.0
5,2025,coop,500k1m,1,0,0,0,0,0,0,520000.0
5,2025,coop,all,117,0,0,0,0,0,0,260000.0
5,2025,coop,under100k,5,0,0,0,0,0,0,20.0
5,2025,house,100k500k,398,0,0,0,0,0,0,400000.0
5,2025,house,1m2m,534,0,0,0,0,0,0,1250000.0
5,2025,house,2m6m,32,0,0,0,0,0,0,2400000.0
5,2025,house,500k1m,2577,0,0,0,0,0,0,735000.0
5,2025,house,6mplus,1,0,0,0,0,0,0,8500000.0
5,2025,house,all,3734,0,0,0,0,0,0,732000.0
5,2025,house,under100k,192,0,0,0,0,0,0,10.0
5,all,all,100k500k,19504,0,0,0,0,0,0,380000.0
5,all,all,1m2m,2856,0,0,0,0,0,0,1221900.0
5,all,all,2m6m,225,0,0,0,0,0,0,2500000.0
5,all,all,500k1m,28893,0,0,0,0,0,0,660000.0
5,all,all,6mplus,12,0,0,0,0,0,0,17000000.0
5,all,all,all,53347,0,0,0,0,0,0,556000.0
5,all,all,under100k,1857,0,0,0,0,0,0,10.0
5,all,condo,100k500k,4433,0,0,0,0,0,0,340000.0
5,all,condo,1m2m,18,0,0,0,0,0,0,1167500.0
5,all,condo,2m6m,51,0,0,0,0,0,0,3000000.0
5,all,condo,500k1m,740,0,0,0,0,0,0,569451.0
5,all,condo,6mplus,1,0,0,0,0,0,0,8500000.0
5,all,condo,all,5426,0,0,0,0,0,0,358000.0
5,all,condo,under100k,183,0,0,0,0,0,0,100.0
5,all,coop,100k500k,919,0,0,0,0,0,0,215000.0
5,all,coop,1m2m,12,0,0,0,0,0,0,1000000.0
5,all,coop,2m6m,13,0,0,0,0,0,0,2000000.0
5,all,coop,500k1m,17,0,0,0,0,0,0,575000.0
5,all,coop,all,1005,0,0,0,0,0,0,215000.0
5,all,coop,under100k,44,0,0,0,0,0,0,71554.0
5,all,house,100k500k,14152,0,0,0,0,0,0,400000.0
5,all,house,1m2m,2826,0,0,0,0,0,0,1221900.0
5,all,house,2m6m,161,0,0,0,0,0,0,2395000.0
5,all,house,500k1m,28136,0,0,0,0,0,0,665000.0
5,all,house,6mplus,11,0,0,0,0,0,0,17000000.0
5,all,house,all,46916,0,0,0,0,0,0,590000.0
5,all,house,under100k,1630,0,0,0,0,0,0,10.0
all,2016,all,100k500k,21369,9340,8443,718,179,8664,5297,326268.0
all,2016,all,1m2m,7058,5300,4661,396,243,4734,3075,1335000.0
all,2016,all,2m6m,3630,2772,2246,304,222,2282,1219,2882350.0
all,2016,all,500k1m,19225,13487,12250,860,377,12456,9002,695000.0
all,2016,all,6mplus,895,773,619,74,80,628,272,8900000.0
all,2016,all,all,54267,32952,29342,2483,1127,29956,19077,569000.0
all,2016,all,under100k,2090,1280,1123,131,26,1192,212,10000.0
all,2016,condo,100k500k,2670,2146,1470,497,179,1470,686,340000.0
all,2016,condo,1m2m,2695,2694,2128,323,243,2128,1217,1390000.0
all,2016,condo,2m6m,2171,2171,1681,268,222,1681,856,3001855.0
all,2016,condo,500k1m,4087,4068,3037,654,377,3037,1828,725000.0
all,2016,condo,6mplus,657,657,512,65,80,512,211,8960600.0
all,2016,condo,all,12532,11966,8970,1869,1127,8970,4825,900000.0
all,2016,condo,under100k,252,230,142,62,26,142,27,10.0
all,2016,coop,100k500k,8600,0,0,0,0,0,0,255000.0
all,2016,coop,1m2m,1674,0,0,0,0,0,0,1369500.0
all,2016,coop,2m6m,850,0,0,0,0,0,0,2800000.0
all,2016,coop,500k1m,3889,0,0,0,0,0,0,685000.0
all,2016,coop,6mplus,122,0,0,0,0,0,0,9375000.0
all,2016,coop,all,15706,0,0,0,0,0,0,400000.0
all,2016,coop,under100k,571,0,0,0,0,0,0,66938.0
all,2016,house,100k500k,10099,7194,6973,221,0,7194,4611,375000.0
all,2016,house,1m2m,2689,2606,2533,73,0,2606,1858,1290000.0
all,2016,house,2m6m,609,601,565,36,0,601,363,2550000.0
all,2016,house,500k1m,11249,9419,9213,206,0,9419,7174,689000.0
all,2016,house,6mplus,116,116,107,9,0,116,61,8191666.5
all,2016,house,all,26029,20986,20372,614,0,20986,14252,550000.0
all,2016,house,under100k,1267,1050,981,69,0,1050,185,100.0
all,2017,all,100k500k,19699,8378,7437,749,192,7675,4611,335000.0
all,2017,all,1m2m,8338,6487,5586,541,360,5655,3771,1340000.0
all,2017,all,2m6m,4039,3097,2519,377,201,2547,1460,2850000.0
all,2017,all,500k1m,21880,15103,13509,1014,580,13722,10179,700000.0
all,2017,all,6mplus,886,742,601,103,38,608,264,8556750.0
all,2017,all,all,56898,35076,30757,2899,1420,31377,20452,615000.0
all,2017,all,under100k,2056,1269,1105,115,49,1170,167,1000.0
all,2017,condo,100k500k,2601,2000,1297,511,192,1297,643,339690.0
all,2017,condo,1m2m,3393,3393,2561,472,360,2561,1488,1375000.0
all,2017,condo,2m6m,2338,2338,1788,349,201,1788,959,2950000.0
all,2017,condo,500k1m,4824,4790,3409,801,580,3409,2054,742770.0
all,2017,condo,6mplus,635,634,500,96,38,500,208,8500000.0
all,2017,condo,all,14069,13401,9702,2279,1420,9702,5366,930000.0
all,2017,condo,under100k,278,246,147,50,49,147,14,10.0
all,2017,coop,100k500k,8166,0,0,0,0,0,0,272000.0
all,2017,coop,1m2m,1729,0,0,0,0,0,0,1375000.0
all,2017,coop,2m6m,938,0,0,0,0,0,0,2775000.0
all,2017,coop,500k1m,4131,0,0,0,0,0,0,691391.0
all,2017,coop,6mplus,142,0,0,0,0,0,0,8563781.5
all,2017,coop,all,15626,0,0,0,0,0,0,432000.0
all,2017,coop,under100k,520,0,0,0,0,0,0,64625.0
all,2017,house,100k500k,8932,6378,6140,238,0,6378,3968,388000.0
all,2017,house,1m2m,3216,3094,3025,69,0,3094,2283,1300000.0
all,2017,house,2m6m,763,759,731,28,0,759,501,2550000.0
all,2017,house,500k1m,12925,10313,10100,213,0,10313,8125,690000.0
all,2017,house,6mplus,109,108,101,7,0,108,56,9475000.0
all,2017,house,all,27203,21675,21055,620,0,21675,15086,590000.0
all,2017,house,under100k,1258,1023,958,65,0,1023,153,10.0
all,2018,all,100k500k,17083,7114,6258,645,211,6438,3838,340000.0
all,2018,all,1m2m,7821,6026,5422,444,160,5487,3705,1349000.0
all,2018,all,2m6m,3496,2585,2167,303,115,2205,1183,2788125.0
all,2018,all,500k1m,21917,14930,13527,1012,391,13739,10533,700000.0
all,2018,all,6mplus,726,576,479,73,24,486,185,8737500.0
all,2018,all,all,52894,32431,28902,2610,919,29476,19591,632000.0
all,2018,all,under100k,1851,1200,1049,133,18,1121,147,500.0
all,2018,condo,100k500k,2456,1918,1242,465,211,1242,675,354900.0
all,2018,condo,1m2m,2666,2663,2124,379,160,2124,1180,1390000.0
all,2018,condo,2m6m,1833,1833,1453,265,115,1453,709,2850000.0
all,2018,condo,500k1m,4351,4308,3117,800,391,3117,2015,728048.0
all,2018,condo,6mplus,464,464,374,66,24,374,137,8837058.5
all,2018,condo,all,12020,11401,8446,2036,919,8446,4724,865000.0
all,2018,condo,under100k,250,215,136,61,18,136,8,10.0
all,2018,coop,100k500k,7487,0,0,0,0,0,0,290000.0
all,2018,coop,1m2m,1648,0,0,0,0,0,0,1385000.0
all,2018,coop,2m6m,899,0,0,0,0,0,0,2762500.0
all,2018,coop,500k1m,3938,0,0,0,0,0,0,690000.0
all,2018,coop,6mplus,150,0,0,0,0,0,0,8400000.0
all,2018,coop,all,14520,0,0,0,0,0,0,449000.0
all,2018,coop,under100k,398,0,0,0,0,0,0,50000.0
all,2018,house,100k500k,7140,5196,5016,180,0,5196,3163,392000.0
all,2018,house,1m2m,3507,3363,3298,65,0,3363,2525,1300000.0
all,2018,house,2m6m,764,752,714,38,0,752,474,2600000.0
all,2018,house,500k1m,13628,10622,10410,212,0,10622,8518,695000.0
all,2018,house,6mplus,112,112,105,7,0,112,48,8850000.0
all,2018,house,all,26354,21030,20456,574,0,21030,14867,630000.0
all,2018,house,under100k,1203,985,913,72,0,985,139,10.0
all,2019,all,100k500k,14804,5798,5047,608,143,5210,3053,345000.0
all,2019,all,1m2m,7928,6023,5279,411,333,5353,3695,1350000.0
all,2019,all,2m6m,3898,2904,2287,398,219,2342,1248,2825000.0
all,2019,all,500k1m,21236,14756,13555,833,368,13760,10890,700000.0
all,2019,all,6mplus,941,676,471,177,28,528,209,9300000.0
all,2019,all,all,50486,31375,27762,2510,1103,28353,19255,660000.0
all,2019,all,under100k,1679,1218,1123,83,12,1160,160,100.0
all,2019,condo,100k500k,2149,1690,1102,445,143,1102,597,354900.0
all,2019,condo,1m2m,2893,2886,2216,337,333,2216,1318,1400000.0
all,2019,condo,2m6m,2119,2119,1557,343,219,1557,743,2900671.0
all,2019,condo,500k1m,4116,4085,3089,628,368,3089,2044,730000.0
all,2019,condo,6mplus,520,520,372,120,28,372,167,9803550.0
all,2019,condo,all,12028,11513,8491,1919,1103,8491,4889,950000.0
all,2019,condo,under100k,231,213,155,46,12,155,20,10.0
all,2019,coop,100k500k,6984,0,0,0,0,0,0,300000.0
all,2019,coop,1m2m,1730,0,0,0,0,0,0,1382463.0
all,2019,coop,2m6m,988,0,0,0,0,0,0,2873750.0
all,2019,coop,500k1m,3818,0,0,0,0,0,0,694000.0
all,2019,coop,6mplus,264,0,0,0,0,0,0,8174700.0
all,2019,coop,all,14059,0,0,0,0,0,0,480000.0
all,2019,coop,under100k,275,0,0,0,0,0,0,55000.0
all,2019,house,100k500k,5671,4108,3945,163,0,4108,2456,400000.0
all,2019,house,1m2m,3305,3137,3063,74,0,3137,2377,1300000.0
all,2019,house,2m6m,791,785,730,55,0,785,505,2600000.0
all,2019,house,500k1m,13302,10671,10466,205,0,10671,8846,700000.0
all,2019,house,6mplus,157,156,99,57,0,156,42,11750000.0
all,2019,house,all,24399,19862,19271,591,0,19862,14366,650000.0
all,2019,house,under100k,1173,1005,968,37,0,1005,140,10.0
all,2020,all,100k500k,10662,3655,3120,445,90,3241,1838,350000.0
all,2020,all,1m2m,6225,4778,4345,307,126,4389,3299,1350000.0
all,2020,all,2m6m,2797,1933,1505,331,97,1530,886,2925000.0
all,2020,all,500k1m,17873,12288,11335,693,260,11520,9439,702500.0
all,2020,all,6mplus,968,543,292,247,4,320,110,12087500.0
all,2020,all,all,39928,24315,21631,2088,596,22071,15748,680000.0
all,2020,all,under100k,1403,1118,1034,65,19,1071,176,10.0
all,2020,condo,100k500k,1744,1333,919,324,90,919,545,375663.0
all,2020,condo,1m2m,2132,2131,1742,263,126,1742,1130,1420000.0
all,2020,condo,2m6m,1370,1370,967,306,97,967,516,2950000.0
all,2020,condo,500k1m,3558,3531,2763,508,260,2763,1941,735000.0
all,2020,condo,6mplus,429,429,206,219,4,206,70,11500000.0
all,2020,condo,all,9422,8980,6736,1648,596,6736,4229,875000.0
all,2020,condo,under100k,189,186,139,28,19,139,27,10.0
all,2020,coop,100k500k,5245,0,0,0,0,0,0,307000.0
all,2020,coop,1m2m,1267,0,0,0,0,0,0,1375000.0
all,2020,coop,2m6m,856,0,0,0,0,0,0,3087500.0
all,2020,coop,500k1m,2910,0,0,0,0,0,0,680000.0
all,2020,coop,6mplus,425,0,0,0,0,0,0,23403402.0
all,2020,coop,all,10909,0,0,0,0,0,0,500000.0
all,2020,coop,under100k,206,0,0,0,0,0,0,55000.0
all,2020,house,100k500k,3673,2322,2201,121,0,2322,1293,400000.0
all,2020,house,1m2m,2826,2647,2603,44,0,2647,2169,1300000.0
all,2020,house,2m6m,571,563,538,25,0,563,370,2634000.0
all,2020,house,500k1m,11405,8757,8572,185,0,8757,7498,700000.0
all,2020,house,6mplus,114,114,86,28,0,114,40,10900000.0
all,2020,house,all,19597,15335,14895,440,0,15335,11519,680000.0
all,2020,house,under100k,1008,932,895,37,0,932,149,10.0
all,2021,all,100k500k,14470,4014,3264,498,252,3371,1928,350000.0
all,2021,all,1m2m,12437,9578,8396,679,503,8511,6512,1350000.0
all,2021,all,2m6m,5733,4348,3549,583,216,3599,2180,2815000.0
all,2021,all,500k1m,28406,18904,16809,1295,800,17101,14257,725000.0
all,2021,all,6mplus,1564,1268,614,625,29,630,257,12225000.0
all,2021,all,all,64286,39421,33820,3776,1825,34447,25399,752000.0
all,2021,all,under100k,1676,1309,1188,96,25,1235,265,10.0
all,2021,condo,100k500k,2565,2005,1362,391,252,1362,862,390000.0
all,2021,condo,1m2m,4704,4700,3633,564,503,3633,2446,1398528.5
all,2021,condo,2m6m,3226,3175,2426,533,216,2426,1346,2900000.0
all,2021,condo,500k1m,6650,6549,4746,1003,800,4746,3569,748414.0
all,2021,condo,6mplus,1081,1081,443,609,29,443,175,14771485.0
all,2021,condo,all,18457,17734,12760,3149,1825,12760,8425,995500.0
all,2021,condo,under100k,231,224,150,49,25,150,27,10.0
all,2021,coop,100k500k,8553,0,0,0,0,0,0,318000.0
all,2021,coop,1m2m,2519,0,0,0,0,0,0,1385000.0
all,2021,coop,2m6m,1312,0,0,0,0,0,0,2800000.0
all,2021,coop,500k1m,5335,0,0,0,0,0,0,689864.0
all,2021,coop,6mplus,288,0,0,0,0,0,0,9000000.0
all,2021,coop,all,18275,0,0,0,0,0,0,520000.0
all,2021,coop,under100k,268,0,0,0,0,0,0,45982.5
all,2021,house,100k500k,3352,2009,1902,107,0,2009,1066,409250.0
all,2021,house,1m2m,5214,4878,4763,115,0,4878,4066,1300000.0
all,2021,house,2m6m,1195,1173,1123,50,0,1173,834,2695000.0
all,2021,house,500k1m,16421,12355,12063,292,0,12355,10688,730000.0
all,2021,house,6mplus,195,187,171,16,0,187,82,9000000.0
all,2021,house,all,27554,21687,21060,627,0,21687,16974,760000.0
all,2021,house,under100k,1177,1085,1038,47,0,1085,238,10.0
all,2022,all,100k500k,13115,3307,2674,450,183,2758,1501,344500.0
all,2022,all,1m2m,12292,9469,8547,534,388,8665,6516,1350000.0
all,2022,all,2m6m,5807,4475,3612,580,283,3698,2252,2829925.0
all,2022,all,500k1m,24750,16286,14553,1114,619,14770,11809,733750.0
all,2022,all,6mplus,1521,1099,695,359,45,703,329,9528590.0
all,2022,all,all,59090,35877,31247,3106,1524,31792,22602,780000.0
all,2022,all,under100k,1605,1241,1166,69,6,1198,195,10.0
all,2022,condo,100k500k,2213,1762,1213,366,183,1213,738,400000.0
all,2022,condo,1m2m,4027,4026,3222,416,388,3222,2074,1412500.0
all,2022,condo,2m6m,3260,3260,2483,494,283,2483,1424,2900000.0
all,2022,condo,500k1m,5752,5642,4126,897,619,4126,2887,725000.0
all,2022,condo,6mplus,926,926,530,351,45,530,244,9995000.0
all,2022,condo,all,16365,15790,11705,2561,1524,11705,7381,1017232.0
all,2022,condo,under100k,187,174,131,37,6,131,14,10.0
all,2022,coop,100k500k,8480,0,0,0,0,0,0,315000.0
all,2022,coop,1m2m,2342,0,0,0,0,0,0,1395000.0
all,2022,coop,2m6m,1313,0,0,0,0,0,0,2825000.0
all,2022,coop,500k1m,4871,0,0,0,0,0,0,695000.0
all,2022,coop,6mplus,422,0,0,0,0,0,0,9850000.0
all,2022,coop,all,17692,0,0,0,0,0,0,505000.0
all,2022,coop,under100k,264,0,0,0,0,0,0,45000.0
all,2022,house,100k500k,2422,1545,1461,84,0,1545,763,400000.0
all,2022,house,1m2m,5923,5443,5325,118,0,5443,4442,1300000.0
all,2022,house,2m6m,1234,1215,1129,86,0,1215,828,2672500.0
all,2022,house,500k1m,14127,10644,10427,217,0,10644,8922,750000.0
all,2022,house,6mplus,173,173,165,8,0,173,85,8400000.0
all,2022,house,all,25033,20087,19542,545,0,20087,15221,815000.0
all,2022,house,under100k,1154,1067,1035,32,0,1067,181,10.0
all,2023,all,100k500k,10460,2770,2310,382,78,2377,1066,335000.0
all,2023,all,1m2m,8975,6822,6106,472,244,6186,4047,1340000.0
all,2023,all,2m6m,4109,3183,2497,605,81,2534,1205,2845000.0
all,2023,all,500k1m,18247,12122,10994,791,337,11158,8180,730000.0
all,2023,all,6mplus,1168,945,515,412,18,524,175,9350000.0
all,2023,all,all,44613,27059,23541,2749,769,23955,14760,755000.0
all,2023,all,under100k,1654,1217,1119,87,11,1176,87,10.0
all,2023,condo,100k500k,1665,1353,960,315,78,960,488,385000.0
all,2023,condo,1m2m,2932,2931,2295,392,244,2295,1110,1400000.0
all,2023,condo,2m6m,2293,2293,1644,568,81,1644,656,2950000.0
all,2023,condo,500k1m,3974,3886,2922,627,337,2922,1694,725000.0
all,2023,condo,6mplus,825,825,404,403,18,404,131,10637228.0
all,2023,condo,all,11907,11494,8390,2335,769,8390,4083,1030000.0
all,2023,condo,under100k,218,206,165,30,11,165,4,10.0
all,2023,coop,100k500k,6710,0,0,0,0,0,0,307363.5
all,2023,coop,1m2m,1775,0,0,0,0,0,0,1385000.0
all,2023,coop,2m6m,908,0,0,0,0,0,0,2750000.0
all,2023,coop,500k1m,3470,0,0,0,0,0,0,681000.0
all,2023,coop,6mplus,223,0,0,0,0,0,0,8152713.0
all,2023,coop,all,13330,0,0,0,0,0,0,475000.0
all,2023,coop,under100k,244,0,0,0,0,0,0,50000.0
all,2023,house,100k500k,2085,1417,1350,67,0,1417,578,400000.0
all,2023,house,1m2m,4268,3891,3811,80,0,3891,2937,1300000.0
all,2023,house,2m6m,908,890,853,37,0,890,549,2700000.0
all,2023,house,500k1m,10803,8236,8072,164,0,8236,6486,750000.0
all,2023,house,6mplus,120,120,111,9,0,120,44,8275000.0
all,2023,house,all,19376,15565,15151,414,0,15565,10677,794000.0
all,2023,house,under100k,1192,1011,954,57,0,1011,83,10.0
all,2024,all,100k500k,10095,2751,2215,440,96,2285,933,340000.0
all,2024,all,1m2m,9467,7359,6673,455,231,6765,4555,1350000.0
all,2024,all,2m6m,4334,3160,2666,395,99,2727,1251,2823812.5
all,2024,all,500k1m,18688,12272,11128,886,258,11337,8170,740000.0
all,2024,all,6mplus,985,796,503,280,13,519,138,9070000.0
all,2024,all,all,45281,27614,24302,2598,714,24795,15122,779000.0
all,2024,all,under100k,1712,1276,1117,142,17,1162,75,10.0
all,2024,condo,100k500k,1746,1433,967,370,96,967,419,380000.0
all,2024,condo,1m2m,2969,2969,2375,363,231,2375,1144,1400000.0
all,2024,condo,2m6m,2151,2151,1718,334,99,1718,616,2860870.0
all,2024,condo,500k1m,4119,3997,3062,677,258,3062,1716,725000.0
all,2024,condo,6mplus,648,648,371,264,13,371,80,10457180.5
all,2024,condo,all,11931,11475,8656,2105,714,8656,3985,990000.0
all,2024,condo,under100k,298,277,163,97,17,163,10,10.0
all,2024,coop,100k500k,6482,0,0,0,0,0,0,315637.0
all,2024,coop,1m2m,1705,0,0,0,0,0,0,1400000.0
all,2024,coop,2m6m,1142,0,0,0,0,0,0,2917500.0
all,2024,coop,500k1m,3578,0,0,0,0,0,0,685000.0
all,2024,coop,6mplus,189,0,0,0,0,0,0,7502715.0
all,2024,coop,all,13347,0,0,0,0,0,0,497500.0
all,2024,coop,under100k,251,0,0,0,0,0,0,48419.0
all,2024,house,100k500k,1867,1318,1248,70,0,1318,514,400000.0
all,2024,house,1m2m,4793,4390,4298,92,0,4390,3411,1300000.0
all,2024,house,2m6m,1041,1009,948,61,0,1009,635,2675000.0
all,2024,house,500k1m,10991,8275,8066,209,0,8275,6454,760000.0
all,2024,house,6mplus,148,148,132,16,0,148,58,8000000.0
all,2024,house,all,20003,16139,15646,493,0,16139,11137,825000.0
all,2024,house,under100k,1163,999,954,45,0,999,65,10.0
all,2025,all,100k500k,9774,2656,2154,351,151,2203,915,345000.0
all,2025,all,1m2m,10711,8252,7528,503,221,7629,5189,1350000.0
all,2025,all,2m6m,5104,3801,3219,465,117,3284,1590,2845504.5
all,2025,all,500k1m,19035,12443,11185,954,304,11362,8061,750000.0
all,2025,all,6mplus,1372,852,629,190,33,650,208,10670376.0
all,2025,all,all,47847,29410,25994,2578,838,26443,16070,824783.0
all,2025,all,under100k,1851,1406,1279,115,12,1315,107,10.0
all,2025,condo,100k500k,1701,1437,984,302,151,984,462,393100.0
all,2025,condo,1m2m,3201,3201,2578,402,221,2578,1216,1400000.0
all,2025,condo,2m6m,2522,2522,2005,400,117,2005,781,2900000.0
all,2025,condo,500k1m,4569,4404,3323,777,304,3323,1825,730000.0
all,2025,condo,6mplus,662,662,460,169,33,460,137,8900000.0
all,2025,condo,all,12946,12497,9530,2129,838,9530,4428,998850.0
all,2025,condo,under100k,291,271,180,79,12,180,7,10.0
all,2025,coop,100k500k,6456,0,0,0,0,0,0,320000.0
all,2025,coop,1m2m,1925,0,0,0,0,0,0,1400000.0
all,2025,coop,2m6m,1271,0,0,0,0,0,0,2900000.0
all,2025,coop,500k1m,3850,0,0,0,0,0,0,690000.0
all,2025,coop,6mplus,519,0,0,0,0,0,0,13559858.0
all,2025,coop,all,14254,0,0,0,0,0,0,535000.0
all,2025,coop,under100k,233,0,0,0,0,0,0,45000.0
all,2025,house,100k500k,1617,1219,1170,49,0,1219,453,400000.0
all,2025,house,1m2m,5585,5051,4950,101,0,5051,3973,1310000.0
all,2025,house,2m6m,1311,1279,1214,65,0,1279,809,2700000.0
all,2025,house,500k1m,10616,8039,7862,177,0,8039,6236,777750.0
all,2025,house,6mplus,191,190,169,21,0,190,71,8100000.0
all,2025,house,all,20647,16913,16464,449,0,16913,11642,869117.0
all,2025,house,under100k,1327,1135,1099,36,0,1135,100,10.0
all,all,all,100k500k,141531,49783,42922,5286,1575,44222,24980,340000.0
all,all,all,1m2m,91252,70094,62543,4742,2809,63374,44364,1350000.0
all,all,all,2m6m,42947,32258,26267,4341,1650,26748,14474,2840000.0
all,all,all,500k1m,211257,142591,128845,9452,4294,130925,100520,720000.0
all,all,all,6mplus,11026,8270,5418,2540,312,5596,2147,9673375.0
all,all,all,all,515590,315530,277298,27397,10835,282665,188076,700000.0
all,all,all,under100k,17577,12534,11303,1036,195,11800,1591,10.0
all,all,condo,100k500k,21510,17077,11516,3986,1575,11516,6115,370000.0
all,all,condo,1m2m,31612,31594,24874,3911,2809,24874,14323,1400000.0
all,all,condo,2m6m,23283,23232,17722,3860,1650,17722,8606,2920000.0
all,all,condo,500k1m,46000,45260,33594,7372,4294,33594,21573,732000.0
all,all,condo,6mplus,6847,6846,4172,2362,312,4172,1560,9950000.0
all,all,condo,all,131677,126251,93386,22030,10835,93386,52335,967000.0
all,all,condo,under100k,2425,2242,1508,539,195,1508,158,10.0
all,all,coop,100k500k,73163,0,0,0,0,0,0,300000.0
all,all,coop,1m2m,18314,0,0,0,0,0,0,1386000.0
all,all,coop,2m6m,10477,0,0,0,0,0,0,2850000.0
all,all,coop,500k1m,39790,0,0,0,0,0,0,690000.0
all,all,coop,6mplus,2744,0,0,0,0,0,0,9600000.0
all,all,coop,all,147718,0,0,0,0,0,0,480000.0
all,all,coop,under100k,3230,0,0,0,0,0,0,54828.0
all,all,house,100k500k,46858,32706,31406,1300,0,32706,18865,394000.0
all,all,house,1m2m,41326,38500,37669,831,0,38500,30041,1300000.0
all,all,house,2m6m,9187,9026,8545,481,0,9026,5868,2650000.0
all,all,house,500k1m,125467,97331,95251,2080,0,97331,78947,725000.0
all,all,house,6mplus,1435,1424,1246,178,0,1424,587,8750000.0
all,all,house,all,236195,189279,183912,5367,0,189279,135741,710000.0
all,all,house,under100k,11922,10292,9795,497,0,10292,1433,10.0
