borough,price_band,eligible,unique,coverage_pct
1,100k–<500k,2036,1568,77.01375245579568
1,1m–<2m,17492,14328,81.9117310770638
1,2m–<6m,18906,14486,76.62117846186396
1,500k–<1m,14348,11886,82.84081405073879
1,<100k,977,696,71.23848515864893
1,>=6m,5888,4097,69.58220108695652
2,100k–<500k,3539,1429,40.37863803334275
2,1m–<2m,62,52,83.87096774193549
2,2m–<6m,5,3,60.0
2,500k–<1m,452,344,76.10619469026548
2,<100k,253,101,39.92094861660079
3,100k–<500k,5079,3893,76.64894664303996
3,1m–<2m,11020,8729,79.21052631578948
3,2m–<6m,4039,3082,76.30601634067838
3,500k–<1m,18219,13234,72.6384543608321
3,<100k,681,483,70.9251101321586
3,>=6m,476,75,15.756302521008404
4,100k–<500k,6423,4626,72.02241943017282
4,1m–<2m,3020,1765,58.443708609271525
4,2m–<6m,282,151,53.54609929078014
4,500k–<1m,12241,8130,66.41614247202025
4,<100k,331,228,68.8821752265861
4,>=6m,482,0,0.0
