dimension,group,eligible,unique,none,ambiguous,unique_pct,none_pct,ambiguous_pct
borough,1,59647,47061,8303,4283,78.8991902358878,13.92023069056281,7.180579073549382
borough,2,4311,1929,2138,244,44.74599860821155,49.594061702621204,5.659939689167246
borough,3,39514,29496,6525,3493,74.64696057093688,16.513134585210306,8.839904843852812
borough,4,22779,14900,5064,2815,65.41112428113614,22.231002238904253,12.357873479959611
year,2016,11966,8970,1869,1127,74.96239344810296,15.619254554571285,9.418351997325756
year,2017,13401,9702,2279,1420,72.39758226997985,17.006193567644207,10.596224162375941
year,2018,11401,8446,2036,919,74.0812209455311,17.8580826243312,8.060696430137707
year,2019,11513,8491,1919,1103,73.75141144792843,16.66811430556762,9.580474246503952
year,2020,8980,6736,1648,596,75.01113585746103,18.351893095768375,6.636971046770602
year,2021,17734,12760,3149,1825,71.95218224878764,17.75685124619375,10.290966505018607
year,2022,15790,11705,2561,1524,74.12919569347689,16.21912602913236,9.651678277390754
year,2023,11494,8390,2335,769,72.99460588132939,20.314946928832434,6.690447189838176
year,2024,11475,8656,2105,714,75.43355119825708,18.344226579520697,6.222222222222222
year,2025,12497,9530,2129,838,76.2583019924782,17.036088661278708,6.705609346243098
price_band,100k–<500k,17077,11516,3986,1575,67.43573227147625,23.341336300286937,9.22293142823681
price_band,1m–<2m,31594,24874,3911,2809,78.73013863391783,12.378932708742166,8.890928657340002
price_band,2m–<6m,23232,17722,3860,1650,76.28271349862258,16.615013774104682,7.1022727272727275
price_band,500k–<1m,45260,33594,7372,4294,74.22448077772867,16.288113124171453,9.487406098099868
price_band,<100k,2242,1508,539,195,67.2613737734166,24.041034790365746,8.697591436217662
price_band,>=6m,6846,4172,2362,312,60.940695296523515,34.50189891907684,4.557405784399649
borough_year,1|2016,6314,5019,669,626,79.490022172949,10.595502058916693,9.914475768134304
borough_year,1|2017,6242,4954,820,468,79.3655879525793,13.136815123357898,7.4975969240628
borough_year,1|2018,5151,4172,625,354,80.9939817511163,12.13356629780625,6.872451951077461
borough_year,1|2019,5630,4355,686,589,77.35346358792185,12.184724689165186,10.461811722912966
borough_year,1|2020,3873,2991,676,206,77.2269558481797,17.45416989413891,5.318874257681384
borough_year,1|2021,8196,6371,1197,628,77.73304050756467,14.604685212298682,7.662274280136652
borough_year,1|2022,7299,5734,985,580,78.55870667214687,13.494999314974654,7.946294012878477
borough_year,1|2023,5585,4229,1108,248,75.72068039391226,19.83885407341092,4.4404655326768125
borough_year,1|2024,5279,4335,710,234,82.11782534570942,13.449516953968555,4.43265770032203
borough_year,1|2025,6078,4901,827,350,80.63507732806845,13.606449489963804,5.758473181967752
borough_year,2|2016,414,159,227,28,38.405797101449274,54.830917874396135,6.763285024154589
borough_year,2|2017,513,234,248,31,45.6140350877193,48.34307992202729,6.042884990253412
borough_year,2|2018,575,243,276,56,42.26086956521739,48.0,9.73913043478261
borough_year,2|2019,519,231,253,35,44.50867052023121,48.747591522158,6.74373795761079
borough_year,2|2020,329,150,161,18,45.59270516717325,48.93617021276596,5.47112462006079
borough_year,2|2021,434,201,203,30,46.31336405529954,46.774193548387096,6.912442396313364
borough_year,2|2022,413,185,213,15,44.794188861985475,51.573849878934624,3.6319612590799033
borough_year,2|2023,365,179,182,4,49.04109589041096,49.863013698630134,1.095890410958904
borough_year,2|2024,378,178,187,13,47.08994708994709,49.47089947089947,3.439153439153439
borough_year,2|2025,371,169,188,14,45.55256064690027,50.67385444743935,3.7735849056603774
borough_year,3|2016,3452,2514,603,335,72.82734646581692,17.468134414831983,9.704519119351101
borough_year,3|2017,4168,3015,610,543,72.33685220729366,14.63531669865643,13.027831094049905
borough_year,3|2018,3700,2727,643,330,73.70270270270271,17.37837837837838,8.91891891891892
borough_year,3|2019,3612,2681,635,296,74.2248062015504,17.580287929125138,8.194905869324474
borough_year,3|2020,3054,2462,433,159,80.61558611656844,14.178127046496398,5.206286836935167
borough_year,3|2021,6061,4280,1177,604,70.6154099983501,19.41923774954628,9.965352252103614
borough_year,3|2022,5186,3937,720,529,75.9159274971076,13.883532587736212,10.20053991515619
borough_year,3|2023,3311,2491,578,242,75.23406825732407,17.456961643008153,7.308970099667774
borough_year,3|2024,3444,2611,580,253,75.8130081300813,16.840882694541232,7.346109175377468
borough_year,3|2025,3526,2778,546,202,78.7861599546228,15.484968803176404,5.728871242200794
borough_year,4|2016,1786,1278,370,138,71.55655095184771,20.716685330347143,7.726763717805151
borough_year,4|2017,2478,1499,601,378,60.49233252623083,24.253430185633576,15.254237288135593
borough_year,4|2018,1975,1304,492,179,66.0253164556962,24.911392405063292,9.063291139240507
borough_year,4|2019,1752,1224,345,183,69.86301369863014,19.69178082191781,10.445205479452055
borough_year,4|2020,1724,1133,378,213,65.71925754060325,21.925754060324827,12.354988399071926
borough_year,4|2021,3043,1908,572,563,62.701281629970424,18.79723956621755,18.501478803812027
borough_year,4|2022,2892,1849,643,400,63.934993084370674,22.23374827109267,13.831258644536653
borough_year,4|2023,2233,1491,467,275,66.77115987460814,20.913569189431257,12.31527093596059
borough_year,4|2024,2374,1532,628,214,64.5324347093513,26.45324347093513,9.014321819713563
borough_year,4|2025,2522,1682,568,272,66.69310071371928,22.5218080888184,10.785091197462332
