year,manhattan_coverage_pct,bronx_coverage_pct,difference_pp
2016,79.490022172949,38.405797101449274,41.08422507149972
2017,79.3655879525793,45.6140350877193,33.75155286486
2018,80.9939817511163,42.26086956521739,38.733112185898904
2019,77.35346358792185,44.50867052023121,32.84479306769064
2020,77.2269558481797,45.59270516717325,31.63425068100645
2021,77.73304050756467,46.31336405529954,31.41967645226513
2022,78.55870667214687,44.794188861985475,33.764517810161394
2023,75.72068039391226,49.04109589041096,26.679584503501303
2024,82.11782534570942,47.08994708994709,35.02787825576233
2025,80.63507732806845,45.55256064690027,35.08251668116818
